"id","first_name","last_name","username","email","phone_number"
0,fname0,lname0,user0,user0@example.com,+918371000
1,fname1,lname1,user1,user1@example.com,+918371001
2,fname2,lname2,user2,user2@example.com,+918371002
3,fname3,lname3,user3,user3@example.com,+918371003
4,fname4,lname4,user4,user4@example.com,+918371004
5,fname5,lname5,user5,user5@example.com,+918371005
6,fname6,lname6,user6,user6@example.com,+918371006
7,fname7,lname7,user7,user7@example.com,+918371007
8,fname8,lname8,user8,user8@example.com,+918371008
9,fname9,lname9,user9,user9@example.com,+918371009
10,fname10,lname10,user10,user10@example.com,+918371010
11,fname11,lname11,user11,user11@example.com,+918371011
12,fname12,lname12,user12,user12@example.com,+918371012
13,fname13,lname13,user13,user13@example.com,+918371013
14,fname14,lname14,user14,user14@example.com,+918371014
15,fname15,lname15,user15,user15@example.com,+918371015
16,fname16,lname16,user16,user16@example.com,+918371016
17,fname17,lname17,user17,user17@example.com,+918371017
18,fname18,lname18,user18,user18@example.com,+918371018
19,fname19,lname19,user19,user19@example.com,+918371019
20,fname20,lname20,user20,user20@example.com,+918371020
21,fname21,lname21,user21,user21@example.com,+918371021
22,fname22,lname22,user22,user22@example.com,+918371022
23,fname23,lname23,user23,user23@example.com,+918371023
24,fname24,lname24,user24,user24@example.com,+918371024
25,fname25,lname25,user25,user25@example.com,+918371025
26,fname26,lname26,user26,user26@example.com,+918371026
27,fname27,lname27,user27,user27@example.com,+918371027
28,fname28,lname28,user28,user28@example.com,+918371028
29,fname29,lname29,user29,user29@example.com,+918371029
30,fname30,lname30,user30,user30@example.com,+918371030
31,fname31,lname31,user31,user31@example.com,+918371031
32,fname32,lname32,user32,user32@example.com,+918371032
33,fname33,lname33,user33,user33@example.com,+918371033
34,fname34,lname34,user34,user34@example.com,+918371034
35,fname35,lname35,user35,user35@example.com,+918371035
36,fname36,lname36,user36,user36@example.com,+918371036
37,fname37,lname37,user37,user37@example.com,+918371037
38,fname38,lname38,user38,user38@example.com,+918371038
39,fname39,lname39,user39,user39@example.com,+918371039
40,fname40,lname40,user40,user40@example.com,+918371040
41,fname41,lname41,user41,user41@example.com,+918371041
42,fname42,lname42,user42,user42@example.com,+918371042
43,fname43,lname43,user43,user43@example.com,+918371043
44,fname44,lname44,user44,user44@example.com,+918371044
45,fname45,lname45,user45,user45@example.com,+918371045
46,fname46,lname46,user46,user46@example.com,+918371046
47,fname47,lname47,user47,user47@example.com,+918371047
48,fname48,lname48,user48,user48@example.com,+918371048
49,fname49,lname49,user49,user49@example.com,+918371049
50,fname50,lname50,user50,user50@example.com,+918371050
51,fname51,lname51,user51,user51@example.com,+918371051
52,fname52,lname52,user52,user52@example.com,+918371052
53,fname53,lname53,user53,user53@example.com,+918371053
54,fname54,lname54,user54,user54@example.com,+918371054
55,fname55,lname55,user55,user55@example.com,+918371055
56,fname56,lname56,user56,user56@example.com,+918371056
57,fname57,lname57,user57,user57@example.com,+918371057
58,fname58,lname58,user58,user58@example.com,+918371058
59,fname59,lname59,user59,user59@example.com,+918371059
60,fname60,lname60,user60,user60@example.com,+918371060
61,fname61,lname61,user61,user61@example.com,+918371061
62,fname62,lname62,user62,user62@example.com,+918371062
63,fname63,lname63,user63,user63@example.com,+918371063
64,fname64,lname64,user64,user64@example.com,+918371064
65,fname65,lname65,user65,user65@example.com,+918371065
66,fname66,lname66,user66,user66@example.com,+918371066
67,fname67,lname67,user67,user67@example.com,+918371067
68,fname68,lname68,user68,user68@example.com,+918371068
69,fname69,lname69,user69,user69@example.com,+918371069
70,fname70,lname70,user70,user70@example.com,+918371070
71,fname71,lname71,user71,user71@example.com,+918371071
72,fname72,lname72,user72,user72@example.com,+918371072
73,fname73,lname73,user73,user73@example.com,+918371073
74,fname74,lname74,user74,user74@example.com,+918371074
75,fname75,lname75,user75,user75@example.com,+918371075
76,fname76,lname76,user76,user76@example.com,+918371076
77,fname77,lname77,user77,user77@example.com,+918371077
78,fname78,lname78,user78,user78@example.com,+918371078
79,fname79,lname79,user79,user79@example.com,+918371079
80,fname80,lname80,user80,user80@example.com,+918371080
81,fname81,lname81,user81,user81@example.com,+918371081
82,fname82,lname82,user82,user82@example.com,+918371082
83,fname83,lname83,user83,user83@example.com,+918371083
84,fname84,lname84,user84,user84@example.com,+918371084
85,fname85,lname85,user85,user85@example.com,+918371085
86,fname86,lname86,user86,user86@example.com,+918371086
87,fname87,lname87,user87,user87@example.com,+918371087
88,fname88,lname88,user88,user88@example.com,+918371088
89,fname89,lname89,user89,user89@example.com,+918371089
90,fname90,lname90,user90,user90@example.com,+918371090
91,fname91,lname91,user91,user91@example.com,+918371091
92,fname92,lname92,user92,user92@example.com,+918371092
93,fname93,lname93,user93,user93@example.com,+918371093
94,fname94,lname94,user94,user94@example.com,+918371094
95,fname95,lname95,user95,user95@example.com,+918371095
96,fname96,lname96,user96,user96@example.com,+918371096
97,fname97,lname97,user97,user97@example.com,+918371097
98,fname98,lname98,user98,user98@example.com,+918371098
99,fname99,lname99,user99,user99@example.com,+918371099
100,fname100,lname100,user100,user100@example.com,+918371100
101,fname101,lname101,user101,user101@example.com,+918371101
102,fname102,lname102,user102,user102@example.com,+918371102
103,fname103,lname103,user103,user103@example.com,+918371103
104,fname104,lname104,user104,user104@example.com,+918371104
105,fname105,lname105,user105,user105@example.com,+918371105
106,fname106,lname106,user106,user106@example.com,+918371106
107,fname107,lname107,user107,user107@example.com,+918371107
108,fname108,lname108,user108,user108@example.com,+918371108
109,fname109,lname109,user109,user109@example.com,+918371109
110,fname110,lname110,user110,user110@example.com,+918371110
111,fname111,lname111,user111,user111@example.com,+918371111
112,fname112,lname112,user112,user112@example.com,+918371112
113,fname113,lname113,user113,user113@example.com,+918371113
114,fname114,lname114,user114,user114@example.com,+918371114
115,fname115,lname115,user115,user115@example.com,+918371115
116,fname116,lname116,user116,user116@example.com,+918371116
117,fname117,lname117,user117,user117@example.com,+918371117
118,fname118,lname118,user118,user118@example.com,+918371118
119,fname119,lname119,user119,user119@example.com,+918371119
120,fname120,lname120,user120,user120@example.com,+918371120
121,fname121,lname121,user121,user121@example.com,+918371121
122,fname122,lname122,user122,user122@example.com,+918371122
123,fname123,lname123,user123,user123@example.com,+918371123
124,fname124,lname124,user124,user124@example.com,+918371124
125,fname125,lname125,user125,user125@example.com,+918371125
126,fname126,lname126,user126,user126@example.com,+918371126
127,fname127,lname127,user127,user127@example.com,+918371127
128,fname128,lname128,user128,user128@example.com,+918371128
129,fname129,lname129,user129,user129@example.com,+918371129
130,fname130,lname130,user130,user130@example.com,+918371130
131,fname131,lname131,user131,user131@example.com,+918371131
132,fname132,lname132,user132,user132@example.com,+918371132
133,fname133,lname133,user133,user133@example.com,+918371133
134,fname134,lname134,user134,user134@example.com,+918371134
135,fname135,lname135,user135,user135@example.com,+918371135
136,fname136,lname136,user136,user136@example.com,+918371136
137,fname137,lname137,user137,user137@example.com,+918371137
138,fname138,lname138,user138,user138@example.com,+918371138
139,fname139,lname139,user139,user139@example.com,+918371139
140,fname140,lname140,user140,user140@example.com,+918371140
141,fname141,lname141,user141,user141@example.com,+918371141
142,fname142,lname142,user142,user142@example.com,+918371142
143,fname143,lname143,user143,user143@example.com,+918371143
144,fname144,lname144,user144,user144@example.com,+918371144
145,fname145,lname145,user145,user145@example.com,+918371145
146,fname146,lname146,user146,user146@example.com,+918371146
147,fname147,lname147,user147,user147@example.com,+918371147
148,fname148,lname148,user148,user148@example.com,+918371148
149,fname149,lname149,user149,user149@example.com,+918371149
150,fname150,lname150,user150,user150@example.com,+918371150
151,fname151,lname151,user151,user151@example.com,+918371151
152,fname152,lname152,user152,user152@example.com,+918371152
153,fname153,lname153,user153,user153@example.com,+918371153
154,fname154,lname154,user154,user154@example.com,+918371154
155,fname155,lname155,user155,user155@example.com,+918371155
156,fname156,lname156,user156,user156@example.com,+918371156
157,fname157,lname157,user157,user157@example.com,+918371157
158,fname158,lname158,user158,user158@example.com,+918371158
159,fname159,lname159,user159,user159@example.com,+918371159
160,fname160,lname160,user160,user160@example.com,+918371160
161,fname161,lname161,user161,user161@example.com,+918371161
162,fname162,lname162,user162,user162@example.com,+918371162
163,fname163,lname163,user163,user163@example.com,+918371163
164,fname164,lname164,user164,user164@example.com,+918371164
165,fname165,lname165,user165,user165@example.com,+918371165
166,fname166,lname166,user166,user166@example.com,+918371166
167,fname167,lname167,user167,user167@example.com,+918371167
168,fname168,lname168,user168,user168@example.com,+918371168
169,fname169,lname169,user169,user169@example.com,+918371169
170,fname170,lname170,user170,user170@example.com,+918371170
171,fname171,lname171,user171,user171@example.com,+918371171
172,fname172,lname172,user172,user172@example.com,+918371172
173,fname173,lname173,user173,user173@example.com,+918371173
174,fname174,lname174,user174,user174@example.com,+918371174
175,fname175,lname175,user175,user175@example.com,+918371175
176,fname176,lname176,user176,user176@example.com,+918371176
177,fname177,lname177,user177,user177@example.com,+918371177
178,fname178,lname178,user178,user178@example.com,+918371178
179,fname179,lname179,user179,user179@example.com,+918371179
180,fname180,lname180,user180,user180@example.com,+918371180
181,fname181,lname181,user181,user181@example.com,+918371181
182,fname182,lname182,user182,user182@example.com,+918371182
183,fname183,lname183,user183,user183@example.com,+918371183
184,fname184,lname184,user184,user184@example.com,+918371184
185,fname185,lname185,user185,user185@example.com,+918371185
186,fname186,lname186,user186,user186@example.com,+918371186
187,fname187,lname187,user187,user187@example.com,+918371187
188,fname188,lname188,user188,user188@example.com,+918371188
189,fname189,lname189,user189,user189@example.com,+918371189
190,fname190,lname190,user190,user190@example.com,+918371190
191,fname191,lname191,user191,user191@example.com,+918371191
192,fname192,lname192,user192,user192@example.com,+918371192
193,fname193,lname193,user193,user193@example.com,+918371193
194,fname194,lname194,user194,user194@example.com,+918371194
195,fname195,lname195,user195,user195@example.com,+918371195
196,fname196,lname196,user196,user196@example.com,+918371196
197,fname197,lname197,user197,user197@example.com,+918371197
198,fname198,lname198,user198,user198@example.com,+918371198
199,fname199,lname199,user199,user199@example.com,+918371199
200,fname200,lname200,user200,user200@example.com,+918371200
201,fname201,lname201,user201,user201@example.com,+918371201
202,fname202,lname202,user202,user202@example.com,+918371202
203,fname203,lname203,user203,user203@example.com,+918371203
204,fname204,lname204,user204,user204@example.com,+918371204
205,fname205,lname205,user205,user205@example.com,+918371205
206,fname206,lname206,user206,user206@example.com,+918371206
207,fname207,lname207,user207,user207@example.com,+918371207
208,fname208,lname208,user208,user208@example.com,+918371208
209,fname209,lname209,user209,user209@example.com,+918371209
210,fname210,lname210,user210,user210@example.com,+918371210
211,fname211,lname211,user211,user211@example.com,+918371211
212,fname212,lname212,user212,user212@example.com,+918371212
213,fname213,lname213,user213,user213@example.com,+918371213
214,fname214,lname214,user214,user214@example.com,+918371214
215,fname215,lname215,user215,user215@example.com,+918371215
216,fname216,lname216,user216,user216@example.com,+918371216
217,fname217,lname217,user217,user217@example.com,+918371217
218,fname218,lname218,user218,user218@example.com,+918371218
219,fname219,lname219,user219,user219@example.com,+918371219
220,fname220,lname220,user220,user220@example.com,+918371220
221,fname221,lname221,user221,user221@example.com,+918371221
222,fname222,lname222,user222,user222@example.com,+918371222
223,fname223,lname223,user223,user223@example.com,+918371223
224,fname224,lname224,user224,user224@example.com,+918371224
225,fname225,lname225,user225,user225@example.com,+918371225
226,fname226,lname226,user226,user226@example.com,+918371226
227,fname227,lname227,user227,user227@example.com,+918371227
228,fname228,lname228,user228,user228@example.com,+918371228
229,fname229,lname229,user229,user229@example.com,+918371229
230,fname230,lname230,user230,user230@example.com,+918371230
231,fname231,lname231,user231,user231@example.com,+918371231
232,fname232,lname232,user232,user232@example.com,+918371232
233,fname233,lname233,user233,user233@example.com,+918371233
234,fname234,lname234,user234,user234@example.com,+918371234
235,fname235,lname235,user235,user235@example.com,+918371235
236,fname236,lname236,user236,user236@example.com,+918371236
237,fname237,lname237,user237,user237@example.com,+918371237
238,fname238,lname238,user238,user238@example.com,+918371238
239,fname239,lname239,user239,user239@example.com,+918371239
240,fname240,lname240,user240,user240@example.com,+918371240
241,fname241,lname241,user241,user241@example.com,+918371241
242,fname242,lname242,user242,user242@example.com,+918371242
243,fname243,lname243,user243,user243@example.com,+918371243
244,fname244,lname244,user244,user244@example.com,+918371244
245,fname245,lname245,user245,user245@example.com,+918371245
246,fname246,lname246,user246,user246@example.com,+918371246
247,fname247,lname247,user247,user247@example.com,+918371247
248,fname248,lname248,user248,user248@example.com,+918371248
249,fname249,lname249,user249,user249@example.com,+918371249
250,fname250,lname250,user250,user250@example.com,+918371250
251,fname251,lname251,user251,user251@example.com,+918371251
252,fname252,lname252,user252,user252@example.com,+918371252
253,fname253,lname253,user253,user253@example.com,+918371253
254,fname254,lname254,user254,user254@example.com,+918371254
255,fname255,lname255,user255,user255@example.com,+918371255
256,fname256,lname256,user256,user256@example.com,+918371256
257,fname257,lname257,user257,user257@example.com,+918371257
258,fname258,lname258,user258,user258@example.com,+918371258
259,fname259,lname259,user259,user259@example.com,+918371259
260,fname260,lname260,user260,user260@example.com,+918371260
261,fname261,lname261,user261,user261@example.com,+918371261
262,fname262,lname262,user262,user262@example.com,+918371262
263,fname263,lname263,user263,user263@example.com,+918371263
264,fname264,lname264,user264,user264@example.com,+918371264
265,fname265,lname265,user265,user265@example.com,+918371265
266,fname266,lname266,user266,user266@example.com,+918371266
267,fname267,lname267,user267,user267@example.com,+918371267
268,fname268,lname268,user268,user268@example.com,+918371268
269,fname269,lname269,user269,user269@example.com,+918371269
270,fname270,lname270,user270,user270@example.com,+918371270
271,fname271,lname271,user271,user271@example.com,+918371271
272,fname272,lname272,user272,user272@example.com,+918371272
273,fname273,lname273,user273,user273@example.com,+918371273
274,fname274,lname274,user274,user274@example.com,+918371274
275,fname275,lname275,user275,user275@example.com,+918371275
276,fname276,lname276,user276,user276@example.com,+918371276
277,fname277,lname277,user277,user277@example.com,+918371277
278,fname278,lname278,user278,user278@example.com,+918371278
279,fname279,lname279,user279,user279@example.com,+918371279
280,fname280,lname280,user280,user280@example.com,+918371280
281,fname281,lname281,user281,user281@example.com,+918371281
282,fname282,lname282,user282,user282@example.com,+918371282
283,fname283,lname283,user283,user283@example.com,+918371283
284,fname284,lname284,user284,user284@example.com,+918371284
285,fname285,lname285,user285,user285@example.com,+918371285
286,fname286,lname286,user286,user286@example.com,+918371286
287,fname287,lname287,user287,user287@example.com,+918371287
288,fname288,lname288,user288,user288@example.com,+918371288
289,fname289,lname289,user289,user289@example.com,+918371289
290,fname290,lname290,user290,user290@example.com,+918371290
291,fname291,lname291,user291,user291@example.com,+918371291
292,fname292,lname292,user292,user292@example.com,+918371292
293,fname293,lname293,user293,user293@example.com,+918371293
294,fname294,lname294,user294,user294@example.com,+918371294
295,fname295,lname295,user295,user295@example.com,+918371295
296,fname296,lname296,user296,user296@example.com,+918371296
297,fname297,lname297,user297,user297@example.com,+918371297
298,fname298,lname298,user298,user298@example.com,+918371298
299,fname299,lname299,user299,user299@example.com,+918371299
300,fname300,lname300,user300,user300@example.com,+918371300
301,fname301,lname301,user301,user301@example.com,+918371301
302,fname302,lname302,user302,user302@example.com,+918371302
303,fname303,lname303,user303,user303@example.com,+918371303
304,fname304,lname304,user304,user304@example.com,+918371304
305,fname305,lname305,user305,user305@example.com,+918371305
306,fname306,lname306,user306,user306@example.com,+918371306
307,fname307,lname307,user307,user307@example.com,+918371307
308,fname308,lname308,user308,user308@example.com,+918371308
309,fname309,lname309,user309,user309@example.com,+918371309
310,fname310,lname310,user310,user310@example.com,+918371310
311,fname311,lname311,user311,user311@example.com,+918371311
312,fname312,lname312,user312,user312@example.com,+918371312
313,fname313,lname313,user313,user313@example.com,+918371313
314,fname314,lname314,user314,user314@example.com,+918371314
315,fname315,lname315,user315,user315@example.com,+918371315
316,fname316,lname316,user316,user316@example.com,+918371316
317,fname317,lname317,user317,user317@example.com,+918371317
318,fname318,lname318,user318,user318@example.com,+918371318
319,fname319,lname319,user319,user319@example.com,+918371319
320,fname320,lname320,user320,user320@example.com,+918371320
321,fname321,lname321,user321,user321@example.com,+918371321
322,fname322,lname322,user322,user322@example.com,+918371322
323,fname323,lname323,user323,user323@example.com,+918371323
324,fname324,lname324,user324,user324@example.com,+918371324
325,fname325,lname325,user325,user325@example.com,+918371325
326,fname326,lname326,user326,user326@example.com,+918371326
327,fname327,lname327,user327,user327@example.com,+918371327
328,fname328,lname328,user328,user328@example.com,+918371328
329,fname329,lname329,user329,user329@example.com,+918371329
330,fname330,lname330,user330,user330@example.com,+918371330
331,fname331,lname331,user331,user331@example.com,+918371331
332,fname332,lname332,user332,user332@example.com,+918371332
333,fname333,lname333,user333,user333@example.com,+918371333
334,fname334,lname334,user334,user334@example.com,+918371334
335,fname335,lname335,user335,user335@example.com,+918371335
336,fname336,lname336,user336,user336@example.com,+918371336
337,fname337,lname337,user337,user337@example.com,+918371337
338,fname338,lname338,user338,user338@example.com,+918371338
339,fname339,lname339,user339,user339@example.com,+918371339
340,fname340,lname340,user340,user340@example.com,+918371340
341,fname341,lname341,user341,user341@example.com,+918371341
342,fname342,lname342,user342,user342@example.com,+918371342
343,fname343,lname343,user343,user343@example.com,+918371343
344,fname344,lname344,user344,user344@example.com,+918371344
345,fname345,lname345,user345,user345@example.com,+918371345
346,fname346,lname346,user346,user346@example.com,+918371346
347,fname347,lname347,user347,user347@example.com,+918371347
348,fname348,lname348,user348,user348@example.com,+918371348
349,fname349,lname349,user349,user349@example.com,+918371349
350,fname350,lname350,user350,user350@example.com,+918371350
351,fname351,lname351,user351,user351@example.com,+918371351
352,fname352,lname352,user352,user352@example.com,+918371352
353,fname353,lname353,user353,user353@example.com,+918371353
354,fname354,lname354,user354,user354@example.com,+918371354
355,fname355,lname355,user355,user355@example.com,+918371355
356,fname356,lname356,user356,user356@example.com,+918371356
357,fname357,lname357,user357,user357@example.com,+918371357
358,fname358,lname358,user358,user358@example.com,+918371358
359,fname359,lname359,user359,user359@example.com,+918371359
360,fname360,lname360,user360,user360@example.com,+918371360
361,fname361,lname361,user361,user361@example.com,+918371361
362,fname362,lname362,user362,user362@example.com,+918371362
363,fname363,lname363,user363,user363@example.com,+918371363
364,fname364,lname364,user364,user364@example.com,+918371364
365,fname365,lname365,user365,user365@example.com,+918371365
366,fname366,lname366,user366,user366@example.com,+918371366
367,fname367,lname367,user367,user367@example.com,+918371367
368,fname368,lname368,user368,user368@example.com,+918371368
369,fname369,lname369,user369,user369@example.com,+918371369
370,fname370,lname370,user370,user370@example.com,+918371370
371,fname371,lname371,user371,user371@example.com,+918371371
372,fname372,lname372,user372,user372@example.com,+918371372
373,fname373,lname373,user373,user373@example.com,+918371373
374,fname374,lname374,user374,user374@example.com,+918371374
375,fname375,lname375,user375,user375@example.com,+918371375
376,fname376,lname376,user376,user376@example.com,+918371376
377,fname377,lname377,user377,user377@example.com,+918371377
378,fname378,lname378,user378,user378@example.com,+918371378
379,fname379,lname379,user379,user379@example.com,+918371379
380,fname380,lname380,user380,user380@example.com,+918371380
381,fname381,lname381,user381,user381@example.com,+918371381
382,fname382,lname382,user382,user382@example.com,+918371382
383,fname383,lname383,user383,user383@example.com,+918371383
384,fname384,lname384,user384,user384@example.com,+918371384
385,fname385,lname385,user385,user385@example.com,+918371385
386,fname386,lname386,user386,user386@example.com,+918371386
387,fname387,lname387,user387,user387@example.com,+918371387
388,fname388,lname388,user388,user388@example.com,+918371388
389,fname389,lname389,user389,user389@example.com,+918371389
390,fname390,lname390,user390,user390@example.com,+918371390
391,fname391,lname391,user391,user391@example.com,+918371391
392,fname392,lname392,user392,user392@example.com,+918371392
393,fname393,lname393,user393,user393@example.com,+918371393
394,fname394,lname394,user394,user394@example.com,+918371394
395,fname395,lname395,user395,user395@example.com,+918371395
396,fname396,lname396,user396,user396@example.com,+918371396
397,fname397,lname397,user397,user397@example.com,+918371397
398,fname398,lname398,user398,user398@example.com,+918371398
399,fname399,lname399,user399,user399@example.com,+918371399
400,fname400,lname400,user400,user400@example.com,+918371400
401,fname401,lname401,user401,user401@example.com,+918371401
402,fname402,lname402,user402,user402@example.com,+918371402
403,fname403,lname403,user403,user403@example.com,+918371403
404,fname404,lname404,user404,user404@example.com,+918371404
405,fname405,lname405,user405,user405@example.com,+918371405
406,fname406,lname406,user406,user406@example.com,+918371406
407,fname407,lname407,user407,user407@example.com,+918371407
408,fname408,lname408,user408,user408@example.com,+918371408
409,fname409,lname409,user409,user409@example.com,+918371409
410,fname410,lname410,user410,user410@example.com,+918371410
411,fname411,lname411,user411,user411@example.com,+918371411
412,fname412,lname412,user412,user412@example.com,+918371412
413,fname413,lname413,user413,user413@example.com,+918371413
414,fname414,lname414,user414,user414@example.com,+918371414
415,fname415,lname415,user415,user415@example.com,+918371415
416,fname416,lname416,user416,user416@example.com,+918371416
417,fname417,lname417,user417,user417@example.com,+918371417
418,fname418,lname418,user418,user418@example.com,+918371418
419,fname419,lname419,user419,user419@example.com,+918371419
420,fname420,lname420,user420,user420@example.com,+918371420
421,fname421,lname421,user421,user421@example.com,+918371421
422,fname422,lname422,user422,user422@example.com,+918371422
423,fname423,lname423,user423,user423@example.com,+918371423
424,fname424,lname424,user424,user424@example.com,+918371424
425,fname425,lname425,user425,user425@example.com,+918371425
426,fname426,lname426,user426,user426@example.com,+918371426
427,fname427,lname427,user427,user427@example.com,+918371427
428,fname428,lname428,user428,user428@example.com,+918371428
429,fname429,lname429,user429,user429@example.com,+918371429
430,fname430,lname430,user430,user430@example.com,+918371430
431,fname431,lname431,user431,user431@example.com,+918371431
432,fname432,lname432,user432,user432@example.com,+918371432
433,fname433,lname433,user433,user433@example.com,+918371433
434,fname434,lname434,user434,user434@example.com,+918371434
435,fname435,lname435,user435,user435@example.com,+918371435
436,fname436,lname436,user436,user436@example.com,+918371436
437,fname437,lname437,user437,user437@example.com,+918371437
438,fname438,lname438,user438,user438@example.com,+918371438
439,fname439,lname439,user439,user439@example.com,+918371439
440,fname440,lname440,user440,user440@example.com,+918371440
441,fname441,lname441,user441,user441@example.com,+918371441
442,fname442,lname442,user442,user442@example.com,+918371442
443,fname443,lname443,user443,user443@example.com,+918371443
444,fname444,lname444,user444,user444@example.com,+918371444
445,fname445,lname445,user445,user445@example.com,+918371445
446,fname446,lname446,user446,user446@example.com,+918371446
447,fname447,lname447,user447,user447@example.com,+918371447
448,fname448,lname448,user448,user448@example.com,+918371448
449,fname449,lname449,user449,user449@example.com,+918371449
450,fname450,lname450,user450,user450@example.com,+918371450
451,fname451,lname451,user451,user451@example.com,+918371451
452,fname452,lname452,user452,user452@example.com,+918371452
453,fname453,lname453,user453,user453@example.com,+918371453
454,fname454,lname454,user454,user454@example.com,+918371454
455,fname455,lname455,user455,user455@example.com,+918371455
456,fname456,lname456,user456,user456@example.com,+918371456
457,fname457,lname457,user457,user457@example.com,+918371457
458,fname458,lname458,user458,user458@example.com,+918371458
459,fname459,lname459,user459,user459@example.com,+918371459
460,fname460,lname460,user460,user460@example.com,+918371460
461,fname461,lname461,user461,user461@example.com,+918371461
462,fname462,lname462,user462,user462@example.com,+918371462
463,fname463,lname463,user463,user463@example.com,+918371463
464,fname464,lname464,user464,user464@example.com,+918371464
465,fname465,lname465,user465,user465@example.com,+918371465
466,fname466,lname466,user466,user466@example.com,+918371466
467,fname467,lname467,user467,user467@example.com,+918371467
468,fname468,lname468,user468,user468@example.com,+918371468
469,fname469,lname469,user469,user469@example.com,+918371469
470,fname470,lname470,user470,user470@example.com,+918371470
471,fname471,lname471,user471,user471@example.com,+918371471
472,fname472,lname472,user472,user472@example.com,+918371472
473,fname473,lname473,user473,user473@example.com,+918371473
474,fname474,lname474,user474,user474@example.com,+918371474
475,fname475,lname475,user475,user475@example.com,+918371475
476,fname476,lname476,user476,user476@example.com,+918371476
477,fname477,lname477,user477,user477@example.com,+918371477
478,fname478,lname478,user478,user478@example.com,+918371478
479,fname479,lname479,user479,user479@example.com,+918371479
480,fname480,lname480,user480,user480@example.com,+918371480
481,fname481,lname481,user481,user481@example.com,+918371481
482,fname482,lname482,user482,user482@example.com,+918371482
483,fname483,lname483,user483,user483@example.com,+918371483
484,fname484,lname484,user484,user484@example.com,+918371484
485,fname485,lname485,user485,user485@example.com,+918371485
486,fname486,lname486,user486,user486@example.com,+918371486
487,fname487,lname487,user487,user487@example.com,+918371487
488,fname488,lname488,user488,user488@example.com,+918371488
489,fname489,lname489,user489,user489@example.com,+918371489
490,fname490,lname490,user490,user490@example.com,+918371490
491,fname491,lname491,user491,user491@example.com,+918371491
492,fname492,lname492,user492,user492@example.com,+918371492
493,fname493,lname493,user493,user493@example.com,+918371493
494,fname494,lname494,user494,user494@example.com,+918371494
495,fname495,lname495,user495,user495@example.com,+918371495
496,fname496,lname496,user496,user496@example.com,+918371496
497,fname497,lname497,user497,user497@example.com,+918371497
498,fname498,lname498,user498,user498@example.com,+918371498
499,fname499,lname499,user499,user499@example.com,+918371499
500,fname500,lname500,user500,user500@example.com,+918371500
501,fname501,lname501,user501,user501@example.com,+918371501
502,fname502,lname502,user502,user502@example.com,+918371502
503,fname503,lname503,user503,user503@example.com,+918371503
504,fname504,lname504,user504,user504@example.com,+918371504
505,fname505,lname505,user505,user505@example.com,+918371505
506,fname506,lname506,user506,user506@example.com,+918371506
507,fname507,lname507,user507,user507@example.com,+918371507
508,fname508,lname508,user508,user508@example.com,+918371508
509,fname509,lname509,user509,user509@example.com,+918371509
510,fname510,lname510,user510,user510@example.com,+918371510
511,fname511,lname511,user511,user511@example.com,+918371511
512,fname512,lname512,user512,user512@example.com,+918371512
513,fname513,lname513,user513,user513@example.com,+918371513
514,fname514,lname514,user514,user514@example.com,+918371514
515,fname515,lname515,user515,user515@example.com,+918371515
516,fname516,lname516,user516,user516@example.com,+918371516
517,fname517,lname517,user517,user517@example.com,+918371517
518,fname518,lname518,user518,user518@example.com,+918371518
519,fname519,lname519,user519,user519@example.com,+918371519
520,fname520,lname520,user520,user520@example.com,+918371520
521,fname521,lname521,user521,user521@example.com,+918371521
522,fname522,lname522,user522,user522@example.com,+918371522
523,fname523,lname523,user523,user523@example.com,+918371523
524,fname524,lname524,user524,user524@example.com,+918371524
525,fname525,lname525,user525,user525@example.com,+918371525
526,fname526,lname526,user526,user526@example.com,+918371526
527,fname527,lname527,user527,user527@example.com,+918371527
528,fname528,lname528,user528,user528@example.com,+918371528
529,fname529,lname529,user529,user529@example.com,+918371529
530,fname530,lname530,user530,user530@example.com,+918371530
531,fname531,lname531,user531,user531@example.com,+918371531
532,fname532,lname532,user532,user532@example.com,+918371532
533,fname533,lname533,user533,user533@example.com,+918371533
534,fname534,lname534,user534,user534@example.com,+918371534
535,fname535,lname535,user535,user535@example.com,+918371535
536,fname536,lname536,user536,user536@example.com,+918371536
537,fname537,lname537,user537,user537@example.com,+918371537
538,fname538,lname538,user538,user538@example.com,+918371538
539,fname539,lname539,user539,user539@example.com,+918371539
540,fname540,lname540,user540,user540@example.com,+918371540
541,fname541,lname541,user541,user541@example.com,+918371541
542,fname542,lname542,user542,user542@example.com,+918371542
543,fname543,lname543,user543,user543@example.com,+918371543
544,fname544,lname544,user544,user544@example.com,+918371544
545,fname545,lname545,user545,user545@example.com,+918371545
546,fname546,lname546,user546,user546@example.com,+918371546
547,fname547,lname547,user547,user547@example.com,+918371547
548,fname548,lname548,user548,user548@example.com,+918371548
549,fname549,lname549,user549,user549@example.com,+918371549
550,fname550,lname550,user550,user550@example.com,+918371550
551,fname551,lname551,user551,user551@example.com,+918371551
552,fname552,lname552,user552,user552@example.com,+918371552
553,fname553,lname553,user553,user553@example.com,+918371553
554,fname554,lname554,user554,user554@example.com,+918371554
555,fname555,lname555,user555,user555@example.com,+918371555
556,fname556,lname556,user556,user556@example.com,+918371556
557,fname557,lname557,user557,user557@example.com,+918371557
558,fname558,lname558,user558,user558@example.com,+918371558
559,fname559,lname559,user559,user559@example.com,+918371559
560,fname560,lname560,user560,user560@example.com,+918371560
561,fname561,lname561,user561,user561@example.com,+918371561
562,fname562,lname562,user562,user562@example.com,+918371562
563,fname563,lname563,user563,user563@example.com,+918371563
564,fname564,lname564,user564,user564@example.com,+918371564
565,fname565,lname565,user565,user565@example.com,+918371565
566,fname566,lname566,user566,user566@example.com,+918371566
567,fname567,lname567,user567,user567@example.com,+918371567
568,fname568,lname568,user568,user568@example.com,+918371568
569,fname569,lname569,user569,user569@example.com,+918371569
570,fname570,lname570,user570,user570@example.com,+918371570
571,fname571,lname571,user571,user571@example.com,+918371571
572,fname572,lname572,user572,user572@example.com,+918371572
573,fname573,lname573,user573,user573@example.com,+918371573
574,fname574,lname574,user574,user574@example.com,+918371574
575,fname575,lname575,user575,user575@example.com,+918371575
576,fname576,lname576,user576,user576@example.com,+918371576
577,fname577,lname577,user577,user577@example.com,+918371577
578,fname578,lname578,user578,user578@example.com,+918371578
579,fname579,lname579,user579,user579@example.com,+918371579
580,fname580,lname580,user580,user580@example.com,+918371580
581,fname581,lname581,user581,user581@example.com,+918371581
582,fname582,lname582,user582,user582@example.com,+918371582
583,fname583,lname583,user583,user583@example.com,+918371583
584,fname584,lname584,user584,user584@example.com,+918371584
585,fname585,lname585,user585,user585@example.com,+918371585
586,fname586,lname586,user586,user586@example.com,+918371586
587,fname587,lname587,user587,user587@example.com,+918371587
588,fname588,lname588,user588,user588@example.com,+918371588
589,fname589,lname589,user589,user589@example.com,+918371589
590,fname590,lname590,user590,user590@example.com,+918371590
591,fname591,lname591,user591,user591@example.com,+918371591
592,fname592,lname592,user592,user592@example.com,+918371592
593,fname593,lname593,user593,user593@example.com,+918371593
594,fname594,lname594,user594,user594@example.com,+918371594
595,fname595,lname595,user595,user595@example.com,+918371595
596,fname596,lname596,user596,user596@example.com,+918371596
597,fname597,lname597,user597,user597@example.com,+918371597
598,fname598,lname598,user598,user598@example.com,+918371598
599,fname599,lname599,user599,user599@example.com,+918371599
600,fname600,lname600,user600,user600@example.com,+918371600
601,fname601,lname601,user601,user601@example.com,+918371601
602,fname602,lname602,user602,user602@example.com,+918371602
603,fname603,lname603,user603,user603@example.com,+918371603
604,fname604,lname604,user604,user604@example.com,+918371604
605,fname605,lname605,user605,user605@example.com,+918371605
606,fname606,lname606,user606,user606@example.com,+918371606
607,fname607,lname607,user607,user607@example.com,+918371607
608,fname608,lname608,user608,user608@example.com,+918371608
609,fname609,lname609,user609,user609@example.com,+918371609
610,fname610,lname610,user610,user610@example.com,+918371610
611,fname611,lname611,user611,user611@example.com,+918371611
612,fname612,lname612,user612,user612@example.com,+918371612
613,fname613,lname613,user613,user613@example.com,+918371613
614,fname614,lname614,user614,user614@example.com,+918371614
615,fname615,lname615,user615,user615@example.com,+918371615
616,fname616,lname616,user616,user616@example.com,+918371616
617,fname617,lname617,user617,user617@example.com,+918371617
618,fname618,lname618,user618,user618@example.com,+918371618
619,fname619,lname619,user619,user619@example.com,+918371619
620,fname620,lname620,user620,user620@example.com,+918371620
621,fname621,lname621,user621,user621@example.com,+918371621
622,fname622,lname622,user622,user622@example.com,+918371622
623,fname623,lname623,user623,user623@example.com,+918371623
624,fname624,lname624,user624,user624@example.com,+918371624
625,fname625,lname625,user625,user625@example.com,+918371625
626,fname626,lname626,user626,user626@example.com,+918371626
627,fname627,lname627,user627,user627@example.com,+918371627
628,fname628,lname628,user628,user628@example.com,+918371628
629,fname629,lname629,user629,user629@example.com,+918371629
630,fname630,lname630,user630,user630@example.com,+918371630
631,fname631,lname631,user631,user631@example.com,+918371631
632,fname632,lname632,user632,user632@example.com,+918371632
633,fname633,lname633,user633,user633@example.com,+918371633
634,fname634,lname634,user634,user634@example.com,+918371634
635,fname635,lname635,user635,user635@example.com,+918371635
636,fname636,lname636,user636,user636@example.com,+918371636
637,fname637,lname637,user637,user637@example.com,+918371637
638,fname638,lname638,user638,user638@example.com,+918371638
639,fname639,lname639,user639,user639@example.com,+918371639
640,fname640,lname640,user640,user640@example.com,+918371640
641,fname641,lname641,user641,user641@example.com,+918371641
642,fname642,lname642,user642,user642@example.com,+918371642
643,fname643,lname643,user643,user643@example.com,+918371643
644,fname644,lname644,user644,user644@example.com,+918371644
645,fname645,lname645,user645,user645@example.com,+918371645
646,fname646,lname646,user646,user646@example.com,+918371646
647,fname647,lname647,user647,user647@example.com,+918371647
648,fname648,lname648,user648,user648@example.com,+918371648
649,fname649,lname649,user649,user649@example.com,+918371649
650,fname650,lname650,user650,user650@example.com,+918371650
651,fname651,lname651,user651,user651@example.com,+918371651
652,fname652,lname652,user652,user652@example.com,+918371652
653,fname653,lname653,user653,user653@example.com,+918371653
654,fname654,lname654,user654,user654@example.com,+918371654
655,fname655,lname655,user655,user655@example.com,+918371655
656,fname656,lname656,user656,user656@example.com,+918371656
657,fname657,lname657,user657,user657@example.com,+918371657
658,fname658,lname658,user658,user658@example.com,+918371658
659,fname659,lname659,user659,user659@example.com,+918371659
660,fname660,lname660,user660,user660@example.com,+918371660
661,fname661,lname661,user661,user661@example.com,+918371661
662,fname662,lname662,user662,user662@example.com,+918371662
663,fname663,lname663,user663,user663@example.com,+918371663
664,fname664,lname664,user664,user664@example.com,+918371664
665,fname665,lname665,user665,user665@example.com,+918371665
666,fname666,lname666,user666,user666@example.com,+918371666
667,fname667,lname667,user667,user667@example.com,+918371667
668,fname668,lname668,user668,user668@example.com,+918371668
669,fname669,lname669,user669,user669@example.com,+918371669
670,fname670,lname670,user670,user670@example.com,+918371670
671,fname671,lname671,user671,user671@example.com,+918371671
672,fname672,lname672,user672,user672@example.com,+918371672
673,fname673,lname673,user673,user673@example.com,+918371673
674,fname674,lname674,user674,user674@example.com,+918371674
675,fname675,lname675,user675,user675@example.com,+918371675
676,fname676,lname676,user676,user676@example.com,+918371676
677,fname677,lname677,user677,user677@example.com,+918371677
678,fname678,lname678,user678,user678@example.com,+918371678
679,fname679,lname679,user679,user679@example.com,+918371679
680,fname680,lname680,user680,user680@example.com,+918371680
681,fname681,lname681,user681,user681@example.com,+918371681
682,fname682,lname682,user682,user682@example.com,+918371682
683,fname683,lname683,user683,user683@example.com,+918371683
684,fname684,lname684,user684,user684@example.com,+918371684
685,fname685,lname685,user685,user685@example.com,+918371685
686,fname686,lname686,user686,user686@example.com,+918371686
687,fname687,lname687,user687,user687@example.com,+918371687
688,fname688,lname688,user688,user688@example.com,+918371688
689,fname689,lname689,user689,user689@example.com,+918371689
690,fname690,lname690,user690,user690@example.com,+918371690
691,fname691,lname691,user691,user691@example.com,+918371691
692,fname692,lname692,user692,user692@example.com,+918371692
693,fname693,lname693,user693,user693@example.com,+918371693
694,fname694,lname694,user694,user694@example.com,+918371694
695,fname695,lname695,user695,user695@example.com,+918371695
696,fname696,lname696,user696,user696@example.com,+918371696
697,fname697,lname697,user697,user697@example.com,+918371697
698,fname698,lname698,user698,user698@example.com,+918371698
699,fname699,lname699,user699,user699@example.com,+918371699
700,fname700,lname700,user700,user700@example.com,+918371700
701,fname701,lname701,user701,user701@example.com,+918371701
702,fname702,lname702,user702,user702@example.com,+918371702
703,fname703,lname703,user703,user703@example.com,+918371703
704,fname704,lname704,user704,user704@example.com,+918371704
705,fname705,lname705,user705,user705@example.com,+918371705
706,fname706,lname706,user706,user706@example.com,+918371706
707,fname707,lname707,user707,user707@example.com,+918371707
708,fname708,lname708,user708,user708@example.com,+918371708
709,fname709,lname709,user709,user709@example.com,+918371709
710,fname710,lname710,user710,user710@example.com,+918371710
711,fname711,lname711,user711,user711@example.com,+918371711
712,fname712,lname712,user712,user712@example.com,+918371712
713,fname713,lname713,user713,user713@example.com,+918371713
714,fname714,lname714,user714,user714@example.com,+918371714
715,fname715,lname715,user715,user715@example.com,+918371715
716,fname716,lname716,user716,user716@example.com,+918371716
717,fname717,lname717,user717,user717@example.com,+918371717
718,fname718,lname718,user718,user718@example.com,+918371718
719,fname719,lname719,user719,user719@example.com,+918371719
720,fname720,lname720,user720,user720@example.com,+918371720
721,fname721,lname721,user721,user721@example.com,+918371721
722,fname722,lname722,user722,user722@example.com,+918371722
723,fname723,lname723,user723,user723@example.com,+918371723
724,fname724,lname724,user724,user724@example.com,+918371724
725,fname725,lname725,user725,user725@example.com,+918371725
726,fname726,lname726,user726,user726@example.com,+918371726
727,fname727,lname727,user727,user727@example.com,+918371727
728,fname728,lname728,user728,user728@example.com,+918371728
729,fname729,lname729,user729,user729@example.com,+918371729
730,fname730,lname730,user730,user730@example.com,+918371730
731,fname731,lname731,user731,user731@example.com,+918371731
732,fname732,lname732,user732,user732@example.com,+918371732
733,fname733,lname733,user733,user733@example.com,+918371733
734,fname734,lname734,user734,user734@example.com,+918371734
735,fname735,lname735,user735,user735@example.com,+918371735
736,fname736,lname736,user736,user736@example.com,+918371736
737,fname737,lname737,user737,user737@example.com,+918371737
738,fname738,lname738,user738,user738@example.com,+918371738
739,fname739,lname739,user739,user739@example.com,+918371739
740,fname740,lname740,user740,user740@example.com,+918371740
741,fname741,lname741,user741,user741@example.com,+918371741
742,fname742,lname742,user742,user742@example.com,+918371742
743,fname743,lname743,user743,user743@example.com,+918371743
744,fname744,lname744,user744,user744@example.com,+918371744
745,fname745,lname745,user745,user745@example.com,+918371745
746,fname746,lname746,user746,user746@example.com,+918371746
747,fname747,lname747,user747,user747@example.com,+918371747
748,fname748,lname748,user748,user748@example.com,+918371748
749,fname749,lname749,user749,user749@example.com,+918371749
750,fname750,lname750,user750,user750@example.com,+918371750
751,fname751,lname751,user751,user751@example.com,+918371751
752,fname752,lname752,user752,user752@example.com,+918371752
753,fname753,lname753,user753,user753@example.com,+918371753
754,fname754,lname754,user754,user754@example.com,+918371754
755,fname755,lname755,user755,user755@example.com,+918371755
756,fname756,lname756,user756,user756@example.com,+918371756
757,fname757,lname757,user757,user757@example.com,+918371757
758,fname758,lname758,user758,user758@example.com,+918371758
759,fname759,lname759,user759,user759@example.com,+918371759
760,fname760,lname760,user760,user760@example.com,+918371760
761,fname761,lname761,user761,user761@example.com,+918371761
762,fname762,lname762,user762,user762@example.com,+918371762
763,fname763,lname763,user763,user763@example.com,+918371763
764,fname764,lname764,user764,user764@example.com,+918371764
765,fname765,lname765,user765,user765@example.com,+918371765
766,fname766,lname766,user766,user766@example.com,+918371766
767,fname767,lname767,user767,user767@example.com,+918371767
768,fname768,lname768,user768,user768@example.com,+918371768
769,fname769,lname769,user769,user769@example.com,+918371769
770,fname770,lname770,user770,user770@example.com,+918371770
771,fname771,lname771,user771,user771@example.com,+918371771
772,fname772,lname772,user772,user772@example.com,+918371772
773,fname773,lname773,user773,user773@example.com,+918371773
774,fname774,lname774,user774,user774@example.com,+918371774
775,fname775,lname775,user775,user775@example.com,+918371775
776,fname776,lname776,user776,user776@example.com,+918371776
777,fname777,lname777,user777,user777@example.com,+918371777
778,fname778,lname778,user778,user778@example.com,+918371778
779,fname779,lname779,user779,user779@example.com,+918371779
780,fname780,lname780,user780,user780@example.com,+918371780
781,fname781,lname781,user781,user781@example.com,+918371781
782,fname782,lname782,user782,user782@example.com,+918371782
783,fname783,lname783,user783,user783@example.com,+918371783
784,fname784,lname784,user784,user784@example.com,+918371784
785,fname785,lname785,user785,user785@example.com,+918371785
786,fname786,lname786,user786,user786@example.com,+918371786
787,fname787,lname787,user787,user787@example.com,+918371787
788,fname788,lname788,user788,user788@example.com,+918371788
789,fname789,lname789,user789,user789@example.com,+918371789
790,fname790,lname790,user790,user790@example.com,+918371790
791,fname791,lname791,user791,user791@example.com,+918371791
792,fname792,lname792,user792,user792@example.com,+918371792
793,fname793,lname793,user793,user793@example.com,+918371793
794,fname794,lname794,user794,user794@example.com,+918371794
795,fname795,lname795,user795,user795@example.com,+918371795
796,fname796,lname796,user796,user796@example.com,+918371796
797,fname797,lname797,user797,user797@example.com,+918371797
798,fname798,lname798,user798,user798@example.com,+918371798
799,fname799,lname799,user799,user799@example.com,+918371799
800,fname800,lname800,user800,user800@example.com,+918371800
801,fname801,lname801,user801,user801@example.com,+918371801
802,fname802,lname802,user802,user802@example.com,+918371802
803,fname803,lname803,user803,user803@example.com,+918371803
804,fname804,lname804,user804,user804@example.com,+918371804
805,fname805,lname805,user805,user805@example.com,+918371805
806,fname806,lname806,user806,user806@example.com,+918371806
807,fname807,lname807,user807,user807@example.com,+918371807
808,fname808,lname808,user808,user808@example.com,+918371808
809,fname809,lname809,user809,user809@example.com,+918371809
810,fname810,lname810,user810,user810@example.com,+918371810
811,fname811,lname811,user811,user811@example.com,+918371811
812,fname812,lname812,user812,user812@example.com,+918371812
813,fname813,lname813,user813,user813@example.com,+918371813
814,fname814,lname814,user814,user814@example.com,+918371814
815,fname815,lname815,user815,user815@example.com,+918371815
816,fname816,lname816,user816,user816@example.com,+918371816
817,fname817,lname817,user817,user817@example.com,+918371817
818,fname818,lname818,user818,user818@example.com,+918371818
819,fname819,lname819,user819,user819@example.com,+918371819
820,fname820,lname820,user820,user820@example.com,+918371820
821,fname821,lname821,user821,user821@example.com,+918371821
822,fname822,lname822,user822,user822@example.com,+918371822
823,fname823,lname823,user823,user823@example.com,+918371823
824,fname824,lname824,user824,user824@example.com,+918371824
825,fname825,lname825,user825,user825@example.com,+918371825
826,fname826,lname826,user826,user826@example.com,+918371826
827,fname827,lname827,user827,user827@example.com,+918371827
828,fname828,lname828,user828,user828@example.com,+918371828
829,fname829,lname829,user829,user829@example.com,+918371829
830,fname830,lname830,user830,user830@example.com,+918371830
831,fname831,lname831,user831,user831@example.com,+918371831
832,fname832,lname832,user832,user832@example.com,+918371832
833,fname833,lname833,user833,user833@example.com,+918371833
834,fname834,lname834,user834,user834@example.com,+918371834
835,fname835,lname835,user835,user835@example.com,+918371835
836,fname836,lname836,user836,user836@example.com,+918371836
837,fname837,lname837,user837,user837@example.com,+918371837
838,fname838,lname838,user838,user838@example.com,+918371838
839,fname839,lname839,user839,user839@example.com,+918371839
840,fname840,lname840,user840,user840@example.com,+918371840
841,fname841,lname841,user841,user841@example.com,+918371841
842,fname842,lname842,user842,user842@example.com,+918371842
843,fname843,lname843,user843,user843@example.com,+918371843
844,fname844,lname844,user844,user844@example.com,+918371844
845,fname845,lname845,user845,user845@example.com,+918371845
846,fname846,lname846,user846,user846@example.com,+918371846
847,fname847,lname847,user847,user847@example.com,+918371847
848,fname848,lname848,user848,user848@example.com,+918371848
849,fname849,lname849,user849,user849@example.com,+918371849
850,fname850,lname850,user850,user850@example.com,+918371850
851,fname851,lname851,user851,user851@example.com,+918371851
852,fname852,lname852,user852,user852@example.com,+918371852
853,fname853,lname853,user853,user853@example.com,+918371853
854,fname854,lname854,user854,user854@example.com,+918371854
855,fname855,lname855,user855,user855@example.com,+918371855
856,fname856,lname856,user856,user856@example.com,+918371856
857,fname857,lname857,user857,user857@example.com,+918371857
858,fname858,lname858,user858,user858@example.com,+918371858
859,fname859,lname859,user859,user859@example.com,+918371859
860,fname860,lname860,user860,user860@example.com,+918371860
861,fname861,lname861,user861,user861@example.com,+918371861
862,fname862,lname862,user862,user862@example.com,+918371862
863,fname863,lname863,user863,user863@example.com,+918371863
864,fname864,lname864,user864,user864@example.com,+918371864
865,fname865,lname865,user865,user865@example.com,+918371865
866,fname866,lname866,user866,user866@example.com,+918371866
867,fname867,lname867,user867,user867@example.com,+918371867
868,fname868,lname868,user868,user868@example.com,+918371868
869,fname869,lname869,user869,user869@example.com,+918371869
870,fname870,lname870,user870,user870@example.com,+918371870
871,fname871,lname871,user871,user871@example.com,+918371871
872,fname872,lname872,user872,user872@example.com,+918371872
873,fname873,lname873,user873,user873@example.com,+918371873
874,fname874,lname874,user874,user874@example.com,+918371874
875,fname875,lname875,user875,user875@example.com,+918371875
876,fname876,lname876,user876,user876@example.com,+918371876
877,fname877,lname877,user877,user877@example.com,+918371877
878,fname878,lname878,user878,user878@example.com,+918371878
879,fname879,lname879,user879,user879@example.com,+918371879
880,fname880,lname880,user880,user880@example.com,+918371880
881,fname881,lname881,user881,user881@example.com,+918371881
882,fname882,lname882,user882,user882@example.com,+918371882
883,fname883,lname883,user883,user883@example.com,+918371883
884,fname884,lname884,user884,user884@example.com,+918371884
885,fname885,lname885,user885,user885@example.com,+918371885
886,fname886,lname886,user886,user886@example.com,+918371886
887,fname887,lname887,user887,user887@example.com,+918371887
888,fname888,lname888,user888,user888@example.com,+918371888
889,fname889,lname889,user889,user889@example.com,+918371889
890,fname890,lname890,user890,user890@example.com,+918371890
891,fname891,lname891,user891,user891@example.com,+918371891
892,fname892,lname892,user892,user892@example.com,+918371892
893,fname893,lname893,user893,user893@example.com,+918371893
894,fname894,lname894,user894,user894@example.com,+918371894
895,fname895,lname895,user895,user895@example.com,+918371895
896,fname896,lname896,user896,user896@example.com,+918371896
897,fname897,lname897,user897,user897@example.com,+918371897
898,fname898,lname898,user898,user898@example.com,+918371898
899,fname899,lname899,user899,user899@example.com,+918371899
900,fname900,lname900,user900,user900@example.com,+918371900
901,fname901,lname901,user901,user901@example.com,+918371901
902,fname902,lname902,user902,user902@example.com,+918371902
903,fname903,lname903,user903,user903@example.com,+918371903
904,fname904,lname904,user904,user904@example.com,+918371904
905,fname905,lname905,user905,user905@example.com,+918371905
906,fname906,lname906,user906,user906@example.com,+918371906
907,fname907,lname907,user907,user907@example.com,+918371907
908,fname908,lname908,user908,user908@example.com,+918371908
909,fname909,lname909,user909,user909@example.com,+918371909
910,fname910,lname910,user910,user910@example.com,+918371910
911,fname911,lname911,user911,user911@example.com,+918371911
912,fname912,lname912,user912,user912@example.com,+918371912
913,fname913,lname913,user913,user913@example.com,+918371913
914,fname914,lname914,user914,user914@example.com,+918371914
915,fname915,lname915,user915,user915@example.com,+918371915
916,fname916,lname916,user916,user916@example.com,+918371916
917,fname917,lname917,user917,user917@example.com,+918371917
918,fname918,lname918,user918,user918@example.com,+918371918
919,fname919,lname919,user919,user919@example.com,+918371919
920,fname920,lname920,user920,user920@example.com,+918371920
921,fname921,lname921,user921,user921@example.com,+918371921
922,fname922,lname922,user922,user922@example.com,+918371922
923,fname923,lname923,user923,user923@example.com,+918371923
924,fname924,lname924,user924,user924@example.com,+918371924
925,fname925,lname925,user925,user925@example.com,+918371925
926,fname926,lname926,user926,user926@example.com,+918371926
927,fname927,lname927,user927,user927@example.com,+918371927
928,fname928,lname928,user928,user928@example.com,+918371928
929,fname929,lname929,user929,user929@example.com,+918371929
930,fname930,lname930,user930,user930@example.com,+918371930
931,fname931,lname931,user931,user931@example.com,+918371931
932,fname932,lname932,user932,user932@example.com,+918371932
933,fname933,lname933,user933,user933@example.com,+918371933
934,fname934,lname934,user934,user934@example.com,+918371934
935,fname935,lname935,user935,user935@example.com,+918371935
936,fname936,lname936,user936,user936@example.com,+918371936
937,fname937,lname937,user937,user937@example.com,+918371937
938,fname938,lname938,user938,user938@example.com,+918371938
939,fname939,lname939,user939,user939@example.com,+918371939
940,fname940,lname940,user940,user940@example.com,+918371940
941,fname941,lname941,user941,user941@example.com,+918371941
942,fname942,lname942,user942,user942@example.com,+918371942
943,fname943,lname943,user943,user943@example.com,+918371943
944,fname944,lname944,user944,user944@example.com,+918371944
945,fname945,lname945,user945,user945@example.com,+918371945
946,fname946,lname946,user946,user946@example.com,+918371946
947,fname947,lname947,user947,user947@example.com,+918371947
948,fname948,lname948,user948,user948@example.com,+918371948
949,fname949,lname949,user949,user949@example.com,+918371949
950,fname950,lname950,user950,user950@example.com,+918371950
951,fname951,lname951,user951,user951@example.com,+918371951
952,fname952,lname952,user952,user952@example.com,+918371952
953,fname953,lname953,user953,user953@example.com,+918371953
954,fname954,lname954,user954,user954@example.com,+918371954
955,fname955,lname955,user955,user955@example.com,+918371955
956,fname956,lname956,user956,user956@example.com,+918371956
957,fname957,lname957,user957,user957@example.com,+918371957
958,fname958,lname958,user958,user958@example.com,+918371958
959,fname959,lname959,user959,user959@example.com,+918371959
960,fname960,lname960,user960,user960@example.com,+918371960
961,fname961,lname961,user961,user961@example.com,+918371961
962,fname962,lname962,user962,user962@example.com,+918371962
963,fname963,lname963,user963,user963@example.com,+918371963
964,fname964,lname964,user964,user964@example.com,+918371964
965,fname965,lname965,user965,user965@example.com,+918371965
966,fname966,lname966,user966,user966@example.com,+918371966
967,fname967,lname967,user967,user967@example.com,+918371967
968,fname968,lname968,user968,user968@example.com,+918371968
969,fname969,lname969,user969,user969@example.com,+918371969
970,fname970,lname970,user970,user970@example.com,+918371970
971,fname971,lname971,user971,user971@example.com,+918371971
972,fname972,lname972,user972,user972@example.com,+918371972
973,fname973,lname973,user973,user973@example.com,+918371973
974,fname974,lname974,user974,user974@example.com,+918371974
975,fname975,lname975,user975,user975@example.com,+918371975
976,fname976,lname976,user976,user976@example.com,+918371976
977,fname977,lname977,user977,user977@example.com,+918371977
978,fname978,lname978,user978,user978@example.com,+918371978
979,fname979,lname979,user979,user979@example.com,+918371979
980,fname980,lname980,user980,user980@example.com,+918371980
981,fname981,lname981,user981,user981@example.com,+918371981
982,fname982,lname982,user982,user982@example.com,+918371982
983,fname983,lname983,user983,user983@example.com,+918371983
984,fname984,lname984,user984,user984@example.com,+918371984
985,fname985,lname985,user985,user985@example.com,+918371985
986,fname986,lname986,user986,user986@example.com,+918371986
987,fname987,lname987,user987,user987@example.com,+918371987
988,fname988,lname988,user988,user988@example.com,+918371988
989,fname989,lname989,user989,user989@example.com,+918371989
990,fname990,lname990,user990,user990@example.com,+918371990
991,fname991,lname991,user991,user991@example.com,+918371991
992,fname992,lname992,user992,user992@example.com,+918371992
993,fname993,lname993,user993,user993@example.com,+918371993
994,fname994,lname994,user994,user994@example.com,+918371994
995,fname995,lname995,user995,user995@example.com,+918371995
996,fname996,lname996,user996,user996@example.com,+918371996
997,fname997,lname997,user997,user997@example.com,+918371997
998,fname998,lname998,user998,user998@example.com,+918371998
999,fname999,lname999,user999,user999@example.com,+918371999