"user_id","username","email","phone_number"
USER-JOB-0,user0,user0@example.com,+918371000
USER-JOB-1,user1,user1@example.com,+918371001
USER-JOB-2,user2,user2@example.com,+918371002
USER-JOB-3,user3,user3@example.com,+918371003
USER-JOB-4,user4,user4@example.com,+918371004
USER-JOB-5,user5,user5@example.com,+918371005
USER-JOB-6,user6,user6@example.com,+918371006
USER-JOB-7,user7,user7@example.com,+918371007
USER-JOB-8,user8,user8@example.com,+918371008
USER-JOB-9,user9,user9@example.com,+918371009
USER-JOB-10,user10,user10@example.com,+918371010
USER-JOB-11,user11,user11@example.com,+918371011
USER-JOB-12,user12,user12@example.com,+918371012
USER-JOB-13,user13,user13@example.com,+918371013
USER-JOB-14,user14,user14@example.com,+918371014
USER-JOB-15,user15,user15@example.com,+918371015
USER-JOB-16,user16,user16@example.com,+918371016
USER-JOB-17,user17,user17@example.com,+918371017
USER-JOB-18,user18,user18@example.com,+918371018
USER-JOB-19,user19,user19@example.com,+918371019
USER-JOB-20,user20,user20@example.com,+918371020
USER-JOB-21,user21,user21@example.com,+918371021
USER-JOB-22,user22,user22@example.com,+918371022
USER-JOB-23,user23,user23@example.com,+918371023
USER-JOB-24,user24,user24@example.com,+918371024
USER-JOB-25,user25,user25@example.com,+918371025
USER-JOB-26,user26,user26@example.com,+918371026
USER-JOB-27,user27,user27@example.com,+918371027
USER-JOB-28,user28,user28@example.com,+918371028
USER-JOB-29,user29,user29@example.com,+918371029
USER-JOB-30,user30,user30@example.com,+918371030
USER-JOB-31,user31,user31@example.com,+918371031
USER-JOB-32,user32,user32@example.com,+918371032
USER-JOB-33,user33,user33@example.com,+918371033
USER-JOB-34,user34,user34@example.com,+918371034
USER-JOB-35,user35,user35@example.com,+918371035
USER-JOB-36,user36,user36@example.com,+918371036
USER-JOB-37,user37,user37@example.com,+918371037
USER-JOB-38,user38,user38@example.com,+918371038
USER-JOB-39,user39,user39@example.com,+918371039
USER-JOB-40,user40,user40@example.com,+918371040
USER-JOB-41,user41,user41@example.com,+918371041
USER-JOB-42,user42,user42@example.com,+918371042
USER-JOB-43,user43,user43@example.com,+918371043
USER-JOB-44,user44,user44@example.com,+918371044
USER-JOB-45,user45,user45@example.com,+918371045
USER-JOB-46,user46,user46@example.com,+918371046
USER-JOB-47,user47,user47@example.com,+918371047
USER-JOB-48,user48,user48@example.com,+918371048
USER-JOB-49,user49,user49@example.com,+918371049
USER-JOB-50,user50,user50@example.com,+918371050
USER-JOB-51,user51,user51@example.com,+918371051
USER-JOB-52,user52,user52@example.com,+918371052
USER-JOB-53,user53,user53@example.com,+918371053
USER-JOB-54,user54,user54@example.com,+918371054
USER-JOB-55,user55,user55@example.com,+918371055
USER-JOB-56,user56,user56@example.com,+918371056
USER-JOB-57,user57,user57@example.com,+918371057
USER-JOB-58,user58,user58@example.com,+918371058
USER-JOB-59,user59,user59@example.com,+918371059
USER-JOB-60,user60,user60@example.com,+918371060
USER-JOB-61,user61,user61@example.com,+918371061
USER-JOB-62,user62,user62@example.com,+918371062
USER-JOB-63,user63,user63@example.com,+918371063
USER-JOB-64,user64,user64@example.com,+918371064
USER-JOB-65,user65,user65@example.com,+918371065
USER-JOB-66,user66,user66@example.com,+918371066
USER-JOB-67,user67,user67@example.com,+918371067
USER-JOB-68,user68,user68@example.com,+918371068
USER-JOB-69,user69,user69@example.com,+918371069
USER-JOB-70,user70,user70@example.com,+918371070
USER-JOB-71,user71,user71@example.com,+918371071
USER-JOB-72,user72,user72@example.com,+918371072
USER-JOB-73,user73,user73@example.com,+918371073
USER-JOB-74,user74,user74@example.com,+918371074
USER-JOB-75,user75,user75@example.com,+918371075
USER-JOB-76,user76,user76@example.com,+918371076
USER-JOB-77,user77,user77@example.com,+918371077
USER-JOB-78,user78,user78@example.com,+918371078
USER-JOB-79,user79,user79@example.com,+918371079
USER-JOB-80,user80,user80@example.com,+918371080
USER-JOB-81,user81,user81@example.com,+918371081
USER-JOB-82,user82,user82@example.com,+918371082
USER-JOB-83,user83,user83@example.com,+918371083
USER-JOB-84,user84,user84@example.com,+918371084
USER-JOB-85,user85,user85@example.com,+918371085
USER-JOB-86,user86,user86@example.com,+918371086
USER-JOB-87,user87,user87@example.com,+918371087
USER-JOB-88,user88,user88@example.com,+918371088
USER-JOB-89,user89,user89@example.com,+918371089
USER-JOB-90,user90,user90@example.com,+918371090
USER-JOB-91,user91,user91@example.com,+918371091
USER-JOB-92,user92,user92@example.com,+918371092
USER-JOB-93,user93,user93@example.com,+918371093
USER-JOB-94,user94,user94@example.com,+918371094
USER-JOB-95,user95,user95@example.com,+918371095
USER-JOB-96,user96,user96@example.com,+918371096
USER-JOB-97,user97,user97@example.com,+918371097
USER-JOB-98,user98,user98@example.com,+918371098
USER-JOB-99,user99,user99@example.com,+918371099
USER-JOB-100,user100,user100@example.com,+918371100
USER-JOB-101,user101,user101@example.com,+918371101
USER-JOB-102,user102,user102@example.com,+918371102
USER-JOB-103,user103,user103@example.com,+918371103
USER-JOB-104,user104,user104@example.com,+918371104
USER-JOB-105,user105,user105@example.com,+918371105
USER-JOB-106,user106,user106@example.com,+918371106
USER-JOB-107,user107,user107@example.com,+918371107
USER-JOB-108,user108,user108@example.com,+918371108
USER-JOB-109,user109,user109@example.com,+918371109
USER-JOB-110,user110,user110@example.com,+918371110
USER-JOB-111,user111,user111@example.com,+918371111
USER-JOB-112,user112,user112@example.com,+918371112
USER-JOB-113,user113,user113@example.com,+918371113
USER-JOB-114,user114,user114@example.com,+918371114
USER-JOB-115,user115,user115@example.com,+918371115
USER-JOB-116,user116,user116@example.com,+918371116
USER-JOB-117,user117,user117@example.com,+918371117
USER-JOB-118,user118,user118@example.com,+918371118
USER-JOB-119,user119,user119@example.com,+918371119
USER-JOB-120,user120,user120@example.com,+918371120
USER-JOB-121,user121,user121@example.com,+918371121
USER-JOB-122,user122,user122@example.com,+918371122
USER-JOB-123,user123,user123@example.com,+918371123
USER-JOB-124,user124,user124@example.com,+918371124
USER-JOB-125,user125,user125@example.com,+918371125
USER-JOB-126,user126,user126@example.com,+918371126
USER-JOB-127,user127,user127@example.com,+918371127
USER-JOB-128,user128,user128@example.com,+918371128
USER-JOB-129,user129,user129@example.com,+918371129
USER-JOB-130,user130,user130@example.com,+918371130
USER-JOB-131,user131,user131@example.com,+918371131
USER-JOB-132,user132,user132@example.com,+918371132
USER-JOB-133,user133,user133@example.com,+918371133
USER-JOB-134,user134,user134@example.com,+918371134
USER-JOB-135,user135,user135@example.com,+918371135
USER-JOB-136,user136,user136@example.com,+918371136
USER-JOB-137,user137,user137@example.com,+918371137
USER-JOB-138,user138,user138@example.com,+918371138
USER-JOB-139,user139,user139@example.com,+918371139
USER-JOB-140,user140,user140@example.com,+918371140
USER-JOB-141,user141,user141@example.com,+918371141
USER-JOB-142,user142,user142@example.com,+918371142
USER-JOB-143,user143,user143@example.com,+918371143
USER-JOB-144,user144,user144@example.com,+918371144
USER-JOB-145,user145,user145@example.com,+918371145
USER-JOB-146,user146,user146@example.com,+918371146
USER-JOB-147,user147,user147@example.com,+918371147
USER-JOB-148,user148,user148@example.com,+918371148
USER-JOB-149,user149,user149@example.com,+918371149
USER-JOB-150,user150,user150@example.com,+918371150
USER-JOB-151,user151,user151@example.com,+918371151
USER-JOB-152,user152,user152@example.com,+918371152
USER-JOB-153,user153,user153@example.com,+918371153
USER-JOB-154,user154,user154@example.com,+918371154
USER-JOB-155,user155,user155@example.com,+918371155
USER-JOB-156,user156,user156@example.com,+918371156
USER-JOB-157,user157,user157@example.com,+918371157
USER-JOB-158,user158,user158@example.com,+918371158
USER-JOB-159,user159,user159@example.com,+918371159
USER-JOB-160,user160,user160@example.com,+918371160
USER-JOB-161,user161,user161@example.com,+918371161
USER-JOB-162,user162,user162@example.com,+918371162
USER-JOB-163,user163,user163@example.com,+918371163
USER-JOB-164,user164,user164@example.com,+918371164
USER-JOB-165,user165,user165@example.com,+918371165
USER-JOB-166,user166,user166@example.com,+918371166
USER-JOB-167,user167,user167@example.com,+918371167
USER-JOB-168,user168,user168@example.com,+918371168
USER-JOB-169,user169,user169@example.com,+918371169
USER-JOB-170,user170,user170@example.com,+918371170
USER-JOB-171,user171,user171@example.com,+918371171
USER-JOB-172,user172,user172@example.com,+918371172
USER-JOB-173,user173,user173@example.com,+918371173
USER-JOB-174,user174,user174@example.com,+918371174
USER-JOB-175,user175,user175@example.com,+918371175
USER-JOB-176,user176,user176@example.com,+918371176
USER-JOB-177,user177,user177@example.com,+918371177
USER-JOB-178,user178,user178@example.com,+918371178
USER-JOB-179,user179,user179@example.com,+918371179
USER-JOB-180,user180,user180@example.com,+918371180
USER-JOB-181,user181,user181@example.com,+918371181
USER-JOB-182,user182,user182@example.com,+918371182
USER-JOB-183,user183,user183@example.com,+918371183
USER-JOB-184,user184,user184@example.com,+918371184
USER-JOB-185,user185,user185@example.com,+918371185
USER-JOB-186,user186,user186@example.com,+918371186
USER-JOB-187,user187,user187@example.com,+918371187
USER-JOB-188,user188,user188@example.com,+918371188
USER-JOB-189,user189,user189@example.com,+918371189
USER-JOB-190,user190,user190@example.com,+918371190
USER-JOB-191,user191,user191@example.com,+918371191
USER-JOB-192,user192,user192@example.com,+918371192
USER-JOB-193,user193,user193@example.com,+918371193
USER-JOB-194,user194,user194@example.com,+918371194
USER-JOB-195,user195,user195@example.com,+918371195
USER-JOB-196,user196,user196@example.com,+918371196
USER-JOB-197,user197,user197@example.com,+918371197
USER-JOB-198,user198,user198@example.com,+918371198
USER-JOB-199,user199,user199@example.com,+918371199
USER-JOB-200,user200,user200@example.com,+918371200
USER-JOB-201,user201,user201@example.com,+918371201
USER-JOB-202,user202,user202@example.com,+918371202
USER-JOB-203,user203,user203@example.com,+918371203
USER-JOB-204,user204,user204@example.com,+918371204
USER-JOB-205,user205,user205@example.com,+918371205
USER-JOB-206,user206,user206@example.com,+918371206
USER-JOB-207,user207,user207@example.com,+918371207
USER-JOB-208,user208,user208@example.com,+918371208
USER-JOB-209,user209,user209@example.com,+918371209
USER-JOB-210,user210,user210@example.com,+918371210
USER-JOB-211,user211,user211@example.com,+918371211
USER-JOB-212,user212,user212@example.com,+918371212
USER-JOB-213,user213,user213@example.com,+918371213
USER-JOB-214,user214,user214@example.com,+918371214
USER-JOB-215,user215,user215@example.com,+918371215
USER-JOB-216,user216,user216@example.com,+918371216
USER-JOB-217,user217,user217@example.com,+918371217
USER-JOB-218,user218,user218@example.com,+918371218
USER-JOB-219,user219,user219@example.com,+918371219
USER-JOB-220,user220,user220@example.com,+918371220
USER-JOB-221,user221,user221@example.com,+918371221
USER-JOB-222,user222,user222@example.com,+918371222
USER-JOB-223,user223,user223@example.com,+918371223
USER-JOB-224,user224,user224@example.com,+918371224
USER-JOB-225,user225,user225@example.com,+918371225
USER-JOB-226,user226,user226@example.com,+918371226
USER-JOB-227,user227,user227@example.com,+918371227
USER-JOB-228,user228,user228@example.com,+918371228
USER-JOB-229,user229,user229@example.com,+918371229
USER-JOB-230,user230,user230@example.com,+918371230
USER-JOB-231,user231,user231@example.com,+918371231
USER-JOB-232,user232,user232@example.com,+918371232
USER-JOB-233,user233,user233@example.com,+918371233
USER-JOB-234,user234,user234@example.com,+918371234
USER-JOB-235,user235,user235@example.com,+918371235
USER-JOB-236,user236,user236@example.com,+918371236
USER-JOB-237,user237,user237@example.com,+918371237
USER-JOB-238,user238,user238@example.com,+918371238
USER-JOB-239,user239,user239@example.com,+918371239
USER-JOB-240,user240,user240@example.com,+918371240
USER-JOB-241,user241,user241@example.com,+918371241
USER-JOB-242,user242,user242@example.com,+918371242
USER-JOB-243,user243,user243@example.com,+918371243
USER-JOB-244,user244,user244@example.com,+918371244
USER-JOB-245,user245,user245@example.com,+918371245
USER-JOB-246,user246,user246@example.com,+918371246
USER-JOB-247,user247,user247@example.com,+918371247
USER-JOB-248,user248,user248@example.com,+918371248
USER-JOB-249,user249,user249@example.com,+918371249
USER-JOB-250,user250,user250@example.com,+918371250
USER-JOB-251,user251,user251@example.com,+918371251
USER-JOB-252,user252,user252@example.com,+918371252
USER-JOB-253,user253,user253@example.com,+918371253
USER-JOB-254,user254,user254@example.com,+918371254
USER-JOB-255,user255,user255@example.com,+918371255
USER-JOB-256,user256,user256@example.com,+918371256
USER-JOB-257,user257,user257@example.com,+918371257
USER-JOB-258,user258,user258@example.com,+918371258
USER-JOB-259,user259,user259@example.com,+918371259
USER-JOB-260,user260,user260@example.com,+918371260
USER-JOB-261,user261,user261@example.com,+918371261
USER-JOB-262,user262,user262@example.com,+918371262
USER-JOB-263,user263,user263@example.com,+918371263
USER-JOB-264,user264,user264@example.com,+918371264
USER-JOB-265,user265,user265@example.com,+918371265
USER-JOB-266,user266,user266@example.com,+918371266
USER-JOB-267,user267,user267@example.com,+918371267
USER-JOB-268,user268,user268@example.com,+918371268
USER-JOB-269,user269,user269@example.com,+918371269
USER-JOB-270,user270,user270@example.com,+918371270
USER-JOB-271,user271,user271@example.com,+918371271
USER-JOB-272,user272,user272@example.com,+918371272
USER-JOB-273,user273,user273@example.com,+918371273
USER-JOB-274,user274,user274@example.com,+918371274
USER-JOB-275,user275,user275@example.com,+918371275
USER-JOB-276,user276,user276@example.com,+918371276
USER-JOB-277,user277,user277@example.com,+918371277
USER-JOB-278,user278,user278@example.com,+918371278
USER-JOB-279,user279,user279@example.com,+918371279
USER-JOB-280,user280,user280@example.com,+918371280
USER-JOB-281,user281,user281@example.com,+918371281
USER-JOB-282,user282,user282@example.com,+918371282
USER-JOB-283,user283,user283@example.com,+918371283
USER-JOB-284,user284,user284@example.com,+918371284
USER-JOB-285,user285,user285@example.com,+918371285
USER-JOB-286,user286,user286@example.com,+918371286
USER-JOB-287,user287,user287@example.com,+918371287
USER-JOB-288,user288,user288@example.com,+918371288
USER-JOB-289,user289,user289@example.com,+918371289
USER-JOB-290,user290,user290@example.com,+918371290
USER-JOB-291,user291,user291@example.com,+918371291
USER-JOB-292,user292,user292@example.com,+918371292
USER-JOB-293,user293,user293@example.com,+918371293
USER-JOB-294,user294,user294@example.com,+918371294
USER-JOB-295,user295,user295@example.com,+918371295
USER-JOB-296,user296,user296@example.com,+918371296
USER-JOB-297,user297,user297@example.com,+918371297
USER-JOB-298,user298,user298@example.com,+918371298
USER-JOB-299,user299,user299@example.com,+918371299
USER-JOB-300,user300,user300@example.com,+918371300
USER-JOB-301,user301,user301@example.com,+918371301
USER-JOB-302,user302,user302@example.com,+918371302
USER-JOB-303,user303,user303@example.com,+918371303
USER-JOB-304,user304,user304@example.com,+918371304
USER-JOB-305,user305,user305@example.com,+918371305
USER-JOB-306,user306,user306@example.com,+918371306
USER-JOB-307,user307,user307@example.com,+918371307
USER-JOB-308,user308,user308@example.com,+918371308
USER-JOB-309,user309,user309@example.com,+918371309
USER-JOB-310,user310,user310@example.com,+918371310
USER-JOB-311,user311,user311@example.com,+918371311
USER-JOB-312,user312,user312@example.com,+918371312
USER-JOB-313,user313,user313@example.com,+918371313
USER-JOB-314,user314,user314@example.com,+918371314
USER-JOB-315,user315,user315@example.com,+918371315
USER-JOB-316,user316,user316@example.com,+918371316
USER-JOB-317,user317,user317@example.com,+918371317
USER-JOB-318,user318,user318@example.com,+918371318
USER-JOB-319,user319,user319@example.com,+918371319
USER-JOB-320,user320,user320@example.com,+918371320
USER-JOB-321,user321,user321@example.com,+918371321
USER-JOB-322,user322,user322@example.com,+918371322
USER-JOB-323,user323,user323@example.com,+918371323
USER-JOB-324,user324,user324@example.com,+918371324
USER-JOB-325,user325,user325@example.com,+918371325
USER-JOB-326,user326,user326@example.com,+918371326
USER-JOB-327,user327,user327@example.com,+918371327
USER-JOB-328,user328,user328@example.com,+918371328
USER-JOB-329,user329,user329@example.com,+918371329
USER-JOB-330,user330,user330@example.com,+918371330
USER-JOB-331,user331,user331@example.com,+918371331
USER-JOB-332,user332,user332@example.com,+918371332
USER-JOB-333,user333,user333@example.com,+918371333
USER-JOB-334,user334,user334@example.com,+918371334
USER-JOB-335,user335,user335@example.com,+918371335
USER-JOB-336,user336,user336@example.com,+918371336
USER-JOB-337,user337,user337@example.com,+918371337
USER-JOB-338,user338,user338@example.com,+918371338
USER-JOB-339,user339,user339@example.com,+918371339
USER-JOB-340,user340,user340@example.com,+918371340
USER-JOB-341,user341,user341@example.com,+918371341
USER-JOB-342,user342,user342@example.com,+918371342
USER-JOB-343,user343,user343@example.com,+918371343
USER-JOB-344,user344,user344@example.com,+918371344
USER-JOB-345,user345,user345@example.com,+918371345
USER-JOB-346,user346,user346@example.com,+918371346
USER-JOB-347,user347,user347@example.com,+918371347
USER-JOB-348,user348,user348@example.com,+918371348
USER-JOB-349,user349,user349@example.com,+918371349
USER-JOB-350,user350,user350@example.com,+918371350
USER-JOB-351,user351,user351@example.com,+918371351
USER-JOB-352,user352,user352@example.com,+918371352
USER-JOB-353,user353,user353@example.com,+918371353
USER-JOB-354,user354,user354@example.com,+918371354
USER-JOB-355,user355,user355@example.com,+918371355
USER-JOB-356,user356,user356@example.com,+918371356
USER-JOB-357,user357,user357@example.com,+918371357
USER-JOB-358,user358,user358@example.com,+918371358
USER-JOB-359,user359,user359@example.com,+918371359
USER-JOB-360,user360,user360@example.com,+918371360
USER-JOB-361,user361,user361@example.com,+918371361
USER-JOB-362,user362,user362@example.com,+918371362
USER-JOB-363,user363,user363@example.com,+918371363
USER-JOB-364,user364,user364@example.com,+918371364
USER-JOB-365,user365,user365@example.com,+918371365
USER-JOB-366,user366,user366@example.com,+918371366
USER-JOB-367,user367,user367@example.com,+918371367
USER-JOB-368,user368,user368@example.com,+918371368
USER-JOB-369,user369,user369@example.com,+918371369
USER-JOB-370,user370,user370@example.com,+918371370
USER-JOB-371,user371,user371@example.com,+918371371
USER-JOB-372,user372,user372@example.com,+918371372
USER-JOB-373,user373,user373@example.com,+918371373
USER-JOB-374,user374,user374@example.com,+918371374
USER-JOB-375,user375,user375@example.com,+918371375
USER-JOB-376,user376,user376@example.com,+918371376
USER-JOB-377,user377,user377@example.com,+918371377
USER-JOB-378,user378,user378@example.com,+918371378
USER-JOB-379,user379,user379@example.com,+918371379
USER-JOB-380,user380,user380@example.com,+918371380
USER-JOB-381,user381,user381@example.com,+918371381
USER-JOB-382,user382,user382@example.com,+918371382
USER-JOB-383,user383,user383@example.com,+918371383
USER-JOB-384,user384,user384@example.com,+918371384
USER-JOB-385,user385,user385@example.com,+918371385
USER-JOB-386,user386,user386@example.com,+918371386
USER-JOB-387,user387,user387@example.com,+918371387
USER-JOB-388,user388,user388@example.com,+918371388
USER-JOB-389,user389,user389@example.com,+918371389
USER-JOB-390,user390,user390@example.com,+918371390
USER-JOB-391,user391,user391@example.com,+918371391
USER-JOB-392,user392,user392@example.com,+918371392
USER-JOB-393,user393,user393@example.com,+918371393
USER-JOB-394,user394,user394@example.com,+918371394
USER-JOB-395,user395,user395@example.com,+918371395
USER-JOB-396,user396,user396@example.com,+918371396
USER-JOB-397,user397,user397@example.com,+918371397
USER-JOB-398,user398,user398@example.com,+918371398
USER-JOB-399,user399,user399@example.com,+918371399
USER-JOB-400,user400,user400@example.com,+918371400
USER-JOB-401,user401,user401@example.com,+918371401
USER-JOB-402,user402,user402@example.com,+918371402
USER-JOB-403,user403,user403@example.com,+918371403
USER-JOB-404,user404,user404@example.com,+918371404
USER-JOB-405,user405,user405@example.com,+918371405
USER-JOB-406,user406,user406@example.com,+918371406
USER-JOB-407,user407,user407@example.com,+918371407
USER-JOB-408,user408,user408@example.com,+918371408
USER-JOB-409,user409,user409@example.com,+918371409
USER-JOB-410,user410,user410@example.com,+918371410
USER-JOB-411,user411,user411@example.com,+918371411
USER-JOB-412,user412,user412@example.com,+918371412
USER-JOB-413,user413,user413@example.com,+918371413
USER-JOB-414,user414,user414@example.com,+918371414
USER-JOB-415,user415,user415@example.com,+918371415
USER-JOB-416,user416,user416@example.com,+918371416
USER-JOB-417,user417,user417@example.com,+918371417
USER-JOB-418,user418,user418@example.com,+918371418
USER-JOB-419,user419,user419@example.com,+918371419
USER-JOB-420,user420,user420@example.com,+918371420
USER-JOB-421,user421,user421@example.com,+918371421
USER-JOB-422,user422,user422@example.com,+918371422
USER-JOB-423,user423,user423@example.com,+918371423
USER-JOB-424,user424,user424@example.com,+918371424
USER-JOB-425,user425,user425@example.com,+918371425
USER-JOB-426,user426,user426@example.com,+918371426
USER-JOB-427,user427,user427@example.com,+918371427
USER-JOB-428,user428,user428@example.com,+918371428
USER-JOB-429,user429,user429@example.com,+918371429
USER-JOB-430,user430,user430@example.com,+918371430
USER-JOB-431,user431,user431@example.com,+918371431
USER-JOB-432,user432,user432@example.com,+918371432
USER-JOB-433,user433,user433@example.com,+918371433
USER-JOB-434,user434,user434@example.com,+918371434
USER-JOB-435,user435,user435@example.com,+918371435
USER-JOB-436,user436,user436@example.com,+918371436
USER-JOB-437,user437,user437@example.com,+918371437
USER-JOB-438,user438,user438@example.com,+918371438
USER-JOB-439,user439,user439@example.com,+918371439
USER-JOB-440,user440,user440@example.com,+918371440
USER-JOB-441,user441,user441@example.com,+918371441
USER-JOB-442,user442,user442@example.com,+918371442
USER-JOB-443,user443,user443@example.com,+918371443
USER-JOB-444,user444,user444@example.com,+918371444
USER-JOB-445,user445,user445@example.com,+918371445
USER-JOB-446,user446,user446@example.com,+918371446
USER-JOB-447,user447,user447@example.com,+918371447
USER-JOB-448,user448,user448@example.com,+918371448
USER-JOB-449,user449,user449@example.com,+918371449
USER-JOB-450,user450,user450@example.com,+918371450
USER-JOB-451,user451,user451@example.com,+918371451
USER-JOB-452,user452,user452@example.com,+918371452
USER-JOB-453,user453,user453@example.com,+918371453
USER-JOB-454,user454,user454@example.com,+918371454
USER-JOB-455,user455,user455@example.com,+918371455
USER-JOB-456,user456,user456@example.com,+918371456
USER-JOB-457,user457,user457@example.com,+918371457
USER-JOB-458,user458,user458@example.com,+918371458
USER-JOB-459,user459,user459@example.com,+918371459
USER-JOB-460,user460,user460@example.com,+918371460
USER-JOB-461,user461,user461@example.com,+918371461
USER-JOB-462,user462,user462@example.com,+918371462
USER-JOB-463,user463,user463@example.com,+918371463
USER-JOB-464,user464,user464@example.com,+918371464
USER-JOB-465,user465,user465@example.com,+918371465
USER-JOB-466,user466,user466@example.com,+918371466
USER-JOB-467,user467,user467@example.com,+918371467
USER-JOB-468,user468,user468@example.com,+918371468
USER-JOB-469,user469,user469@example.com,+918371469
USER-JOB-470,user470,user470@example.com,+918371470
USER-JOB-471,user471,user471@example.com,+918371471
USER-JOB-472,user472,user472@example.com,+918371472
USER-JOB-473,user473,user473@example.com,+918371473
USER-JOB-474,user474,user474@example.com,+918371474
USER-JOB-475,user475,user475@example.com,+918371475
USER-JOB-476,user476,user476@example.com,+918371476
USER-JOB-477,user477,user477@example.com,+918371477
USER-JOB-478,user478,user478@example.com,+918371478
USER-JOB-479,user479,user479@example.com,+918371479
USER-JOB-480,user480,user480@example.com,+918371480
USER-JOB-481,user481,user481@example.com,+918371481
USER-JOB-482,user482,user482@example.com,+918371482
USER-JOB-483,user483,user483@example.com,+918371483
USER-JOB-484,user484,user484@example.com,+918371484
USER-JOB-485,user485,user485@example.com,+918371485
USER-JOB-486,user486,user486@example.com,+918371486
USER-JOB-487,user487,user487@example.com,+918371487
USER-JOB-488,user488,user488@example.com,+918371488
USER-JOB-489,user489,user489@example.com,+918371489
USER-JOB-490,user490,user490@example.com,+918371490
USER-JOB-491,user491,user491@example.com,+918371491
USER-JOB-492,user492,user492@example.com,+918371492
USER-JOB-493,user493,user493@example.com,+918371493
USER-JOB-494,user494,user494@example.com,+918371494
USER-JOB-495,user495,user495@example.com,+918371495
USER-JOB-496,user496,user496@example.com,+918371496
USER-JOB-497,user497,user497@example.com,+918371497
USER-JOB-498,user498,user498@example.com,+918371498
USER-JOB-499,user499,user499@example.com,+918371499
USER-JOB-500,user500,user500@example.com,+918371500
USER-JOB-501,user501,user501@example.com,+918371501
USER-JOB-502,user502,user502@example.com,+918371502
USER-JOB-503,user503,user503@example.com,+918371503
USER-JOB-504,user504,user504@example.com,+918371504
USER-JOB-505,user505,user505@example.com,+918371505
USER-JOB-506,user506,user506@example.com,+918371506
USER-JOB-507,user507,user507@example.com,+918371507
USER-JOB-508,user508,user508@example.com,+918371508
USER-JOB-509,user509,user509@example.com,+918371509
USER-JOB-510,user510,user510@example.com,+918371510
USER-JOB-511,user511,user511@example.com,+918371511
USER-JOB-512,user512,user512@example.com,+918371512
USER-JOB-513,user513,user513@example.com,+918371513
USER-JOB-514,user514,user514@example.com,+918371514
USER-JOB-515,user515,user515@example.com,+918371515
USER-JOB-516,user516,user516@example.com,+918371516
USER-JOB-517,user517,user517@example.com,+918371517
USER-JOB-518,user518,user518@example.com,+918371518
USER-JOB-519,user519,user519@example.com,+918371519
USER-JOB-520,user520,user520@example.com,+918371520
USER-JOB-521,user521,user521@example.com,+918371521
USER-JOB-522,user522,user522@example.com,+918371522
USER-JOB-523,user523,user523@example.com,+918371523
USER-JOB-524,user524,user524@example.com,+918371524
USER-JOB-525,user525,user525@example.com,+918371525
USER-JOB-526,user526,user526@example.com,+918371526
USER-JOB-527,user527,user527@example.com,+918371527
USER-JOB-528,user528,user528@example.com,+918371528
USER-JOB-529,user529,user529@example.com,+918371529
USER-JOB-530,user530,user530@example.com,+918371530
USER-JOB-531,user531,user531@example.com,+918371531
USER-JOB-532,user532,user532@example.com,+918371532
USER-JOB-533,user533,user533@example.com,+918371533
USER-JOB-534,user534,user534@example.com,+918371534
USER-JOB-535,user535,user535@example.com,+918371535
USER-JOB-536,user536,user536@example.com,+918371536
USER-JOB-537,user537,user537@example.com,+918371537
USER-JOB-538,user538,user538@example.com,+918371538
USER-JOB-539,user539,user539@example.com,+918371539
USER-JOB-540,user540,user540@example.com,+918371540
USER-JOB-541,user541,user541@example.com,+918371541
USER-JOB-542,user542,user542@example.com,+918371542
USER-JOB-543,user543,user543@example.com,+918371543
USER-JOB-544,user544,user544@example.com,+918371544
USER-JOB-545,user545,user545@example.com,+918371545
USER-JOB-546,user546,user546@example.com,+918371546
USER-JOB-547,user547,user547@example.com,+918371547
USER-JOB-548,user548,user548@example.com,+918371548
USER-JOB-549,user549,user549@example.com,+918371549
USER-JOB-550,user550,user550@example.com,+918371550
USER-JOB-551,user551,user551@example.com,+918371551
USER-JOB-552,user552,user552@example.com,+918371552
USER-JOB-553,user553,user553@example.com,+918371553
USER-JOB-554,user554,user554@example.com,+918371554
USER-JOB-555,user555,user555@example.com,+918371555
USER-JOB-556,user556,user556@example.com,+918371556
USER-JOB-557,user557,user557@example.com,+918371557
USER-JOB-558,user558,user558@example.com,+918371558
USER-JOB-559,user559,user559@example.com,+918371559
USER-JOB-560,user560,user560@example.com,+918371560
USER-JOB-561,user561,user561@example.com,+918371561
USER-JOB-562,user562,user562@example.com,+918371562
USER-JOB-563,user563,user563@example.com,+918371563
USER-JOB-564,user564,user564@example.com,+918371564
USER-JOB-565,user565,user565@example.com,+918371565
USER-JOB-566,user566,user566@example.com,+918371566
USER-JOB-567,user567,user567@example.com,+918371567
USER-JOB-568,user568,user568@example.com,+918371568
USER-JOB-569,user569,user569@example.com,+918371569
USER-JOB-570,user570,user570@example.com,+918371570
USER-JOB-571,user571,user571@example.com,+918371571
USER-JOB-572,user572,user572@example.com,+918371572
USER-JOB-573,user573,user573@example.com,+918371573
USER-JOB-574,user574,user574@example.com,+918371574
USER-JOB-575,user575,user575@example.com,+918371575
USER-JOB-576,user576,user576@example.com,+918371576
USER-JOB-577,user577,user577@example.com,+918371577
USER-JOB-578,user578,user578@example.com,+918371578
USER-JOB-579,user579,user579@example.com,+918371579
USER-JOB-580,user580,user580@example.com,+918371580
USER-JOB-581,user581,user581@example.com,+918371581
USER-JOB-582,user582,user582@example.com,+918371582
USER-JOB-583,user583,user583@example.com,+918371583
USER-JOB-584,user584,user584@example.com,+918371584
USER-JOB-585,user585,user585@example.com,+918371585
USER-JOB-586,user586,user586@example.com,+918371586
USER-JOB-587,user587,user587@example.com,+918371587
USER-JOB-588,user588,user588@example.com,+918371588
USER-JOB-589,user589,user589@example.com,+918371589
USER-JOB-590,user590,user590@example.com,+918371590
USER-JOB-591,user591,user591@example.com,+918371591
USER-JOB-592,user592,user592@example.com,+918371592
USER-JOB-593,user593,user593@example.com,+918371593
USER-JOB-594,user594,user594@example.com,+918371594
USER-JOB-595,user595,user595@example.com,+918371595
USER-JOB-596,user596,user596@example.com,+918371596
USER-JOB-597,user597,user597@example.com,+918371597
USER-JOB-598,user598,user598@example.com,+918371598
USER-JOB-599,user599,user599@example.com,+918371599
USER-JOB-600,user600,user600@example.com,+918371600
USER-JOB-601,user601,user601@example.com,+918371601
USER-JOB-602,user602,user602@example.com,+918371602
USER-JOB-603,user603,user603@example.com,+918371603
USER-JOB-604,user604,user604@example.com,+918371604
USER-JOB-605,user605,user605@example.com,+918371605
USER-JOB-606,user606,user606@example.com,+918371606
USER-JOB-607,user607,user607@example.com,+918371607
USER-JOB-608,user608,user608@example.com,+918371608
USER-JOB-609,user609,user609@example.com,+918371609
USER-JOB-610,user610,user610@example.com,+918371610
USER-JOB-611,user611,user611@example.com,+918371611
USER-JOB-612,user612,user612@example.com,+918371612
USER-JOB-613,user613,user613@example.com,+918371613
USER-JOB-614,user614,user614@example.com,+918371614
USER-JOB-615,user615,user615@example.com,+918371615
USER-JOB-616,user616,user616@example.com,+918371616
USER-JOB-617,user617,user617@example.com,+918371617
USER-JOB-618,user618,user618@example.com,+918371618
USER-JOB-619,user619,user619@example.com,+918371619
USER-JOB-620,user620,user620@example.com,+918371620
USER-JOB-621,user621,user621@example.com,+918371621
USER-JOB-622,user622,user622@example.com,+918371622
USER-JOB-623,user623,user623@example.com,+918371623
USER-JOB-624,user624,user624@example.com,+918371624
USER-JOB-625,user625,user625@example.com,+918371625
USER-JOB-626,user626,user626@example.com,+918371626
USER-JOB-627,user627,user627@example.com,+918371627
USER-JOB-628,user628,user628@example.com,+918371628
USER-JOB-629,user629,user629@example.com,+918371629
USER-JOB-630,user630,user630@example.com,+918371630
USER-JOB-631,user631,user631@example.com,+918371631
USER-JOB-632,user632,user632@example.com,+918371632
USER-JOB-633,user633,user633@example.com,+918371633
USER-JOB-634,user634,user634@example.com,+918371634
USER-JOB-635,user635,user635@example.com,+918371635
USER-JOB-636,user636,user636@example.com,+918371636
USER-JOB-637,user637,user637@example.com,+918371637
USER-JOB-638,user638,user638@example.com,+918371638
USER-JOB-639,user639,user639@example.com,+918371639
USER-JOB-640,user640,user640@example.com,+918371640
USER-JOB-641,user641,user641@example.com,+918371641
USER-JOB-642,user642,user642@example.com,+918371642
USER-JOB-643,user643,user643@example.com,+918371643
USER-JOB-644,user644,user644@example.com,+918371644
USER-JOB-645,user645,user645@example.com,+918371645
USER-JOB-646,user646,user646@example.com,+918371646
USER-JOB-647,user647,user647@example.com,+918371647
USER-JOB-648,user648,user648@example.com,+918371648
USER-JOB-649,user649,user649@example.com,+918371649
USER-JOB-650,user650,user650@example.com,+918371650
USER-JOB-651,user651,user651@example.com,+918371651
USER-JOB-652,user652,user652@example.com,+918371652
USER-JOB-653,user653,user653@example.com,+918371653
USER-JOB-654,user654,user654@example.com,+918371654
USER-JOB-655,user655,user655@example.com,+918371655
USER-JOB-656,user656,user656@example.com,+918371656
USER-JOB-657,user657,user657@example.com,+918371657
USER-JOB-658,user658,user658@example.com,+918371658
USER-JOB-659,user659,user659@example.com,+918371659
USER-JOB-660,user660,user660@example.com,+918371660
USER-JOB-661,user661,user661@example.com,+918371661
USER-JOB-662,user662,user662@example.com,+918371662
USER-JOB-663,user663,user663@example.com,+918371663
USER-JOB-664,user664,user664@example.com,+918371664
USER-JOB-665,user665,user665@example.com,+918371665
USER-JOB-666,user666,user666@example.com,+918371666
USER-JOB-667,user667,user667@example.com,+918371667
USER-JOB-668,user668,user668@example.com,+918371668
USER-JOB-669,user669,user669@example.com,+918371669
USER-JOB-670,user670,user670@example.com,+918371670
USER-JOB-671,user671,user671@example.com,+918371671
USER-JOB-672,user672,user672@example.com,+918371672
USER-JOB-673,user673,user673@example.com,+918371673
USER-JOB-674,user674,user674@example.com,+918371674
USER-JOB-675,user675,user675@example.com,+918371675
USER-JOB-676,user676,user676@example.com,+918371676
USER-JOB-677,user677,user677@example.com,+918371677
USER-JOB-678,user678,user678@example.com,+918371678
USER-JOB-679,user679,user679@example.com,+918371679
USER-JOB-680,user680,user680@example.com,+918371680
USER-JOB-681,user681,user681@example.com,+918371681
USER-JOB-682,user682,user682@example.com,+918371682
USER-JOB-683,user683,user683@example.com,+918371683
USER-JOB-684,user684,user684@example.com,+918371684
USER-JOB-685,user685,user685@example.com,+918371685
USER-JOB-686,user686,user686@example.com,+918371686
USER-JOB-687,user687,user687@example.com,+918371687
USER-JOB-688,user688,user688@example.com,+918371688
USER-JOB-689,user689,user689@example.com,+918371689
USER-JOB-690,user690,user690@example.com,+918371690
USER-JOB-691,user691,user691@example.com,+918371691
USER-JOB-692,user692,user692@example.com,+918371692
USER-JOB-693,user693,user693@example.com,+918371693
USER-JOB-694,user694,user694@example.com,+918371694
USER-JOB-695,user695,user695@example.com,+918371695
USER-JOB-696,user696,user696@example.com,+918371696
USER-JOB-697,user697,user697@example.com,+918371697
USER-JOB-698,user698,user698@example.com,+918371698
USER-JOB-699,user699,user699@example.com,+918371699
USER-JOB-700,user700,user700@example.com,+918371700
USER-JOB-701,user701,user701@example.com,+918371701
USER-JOB-702,user702,user702@example.com,+918371702
USER-JOB-703,user703,user703@example.com,+918371703
USER-JOB-704,user704,user704@example.com,+918371704
USER-JOB-705,user705,user705@example.com,+918371705
USER-JOB-706,user706,user706@example.com,+918371706
USER-JOB-707,user707,user707@example.com,+918371707
USER-JOB-708,user708,user708@example.com,+918371708
USER-JOB-709,user709,user709@example.com,+918371709
USER-JOB-710,user710,user710@example.com,+918371710
USER-JOB-711,user711,user711@example.com,+918371711
USER-JOB-712,user712,user712@example.com,+918371712
USER-JOB-713,user713,user713@example.com,+918371713
USER-JOB-714,user714,user714@example.com,+918371714
USER-JOB-715,user715,user715@example.com,+918371715
USER-JOB-716,user716,user716@example.com,+918371716
USER-JOB-717,user717,user717@example.com,+918371717
USER-JOB-718,user718,user718@example.com,+918371718
USER-JOB-719,user719,user719@example.com,+918371719
USER-JOB-720,user720,user720@example.com,+918371720
USER-JOB-721,user721,user721@example.com,+918371721
USER-JOB-722,user722,user722@example.com,+918371722
USER-JOB-723,user723,user723@example.com,+918371723
USER-JOB-724,user724,user724@example.com,+918371724
USER-JOB-725,user725,user725@example.com,+918371725
USER-JOB-726,user726,user726@example.com,+918371726
USER-JOB-727,user727,user727@example.com,+918371727
USER-JOB-728,user728,user728@example.com,+918371728
USER-JOB-729,user729,user729@example.com,+918371729
USER-JOB-730,user730,user730@example.com,+918371730
USER-JOB-731,user731,user731@example.com,+918371731
USER-JOB-732,user732,user732@example.com,+918371732
USER-JOB-733,user733,user733@example.com,+918371733
USER-JOB-734,user734,user734@example.com,+918371734
USER-JOB-735,user735,user735@example.com,+918371735
USER-JOB-736,user736,user736@example.com,+918371736
USER-JOB-737,user737,user737@example.com,+918371737
USER-JOB-738,user738,user738@example.com,+918371738
USER-JOB-739,user739,user739@example.com,+918371739
USER-JOB-740,user740,user740@example.com,+918371740
USER-JOB-741,user741,user741@example.com,+918371741
USER-JOB-742,user742,user742@example.com,+918371742
USER-JOB-743,user743,user743@example.com,+918371743
USER-JOB-744,user744,user744@example.com,+918371744
USER-JOB-745,user745,user745@example.com,+918371745
USER-JOB-746,user746,user746@example.com,+918371746
USER-JOB-747,user747,user747@example.com,+918371747
USER-JOB-748,user748,user748@example.com,+918371748
USER-JOB-749,user749,user749@example.com,+918371749
USER-JOB-750,user750,user750@example.com,+918371750
USER-JOB-751,user751,user751@example.com,+918371751
USER-JOB-752,user752,user752@example.com,+918371752
USER-JOB-753,user753,user753@example.com,+918371753
USER-JOB-754,user754,user754@example.com,+918371754
USER-JOB-755,user755,user755@example.com,+918371755
USER-JOB-756,user756,user756@example.com,+918371756
USER-JOB-757,user757,user757@example.com,+918371757
USER-JOB-758,user758,user758@example.com,+918371758
USER-JOB-759,user759,user759@example.com,+918371759
USER-JOB-760,user760,user760@example.com,+918371760
USER-JOB-761,user761,user761@example.com,+918371761
USER-JOB-762,user762,user762@example.com,+918371762
USER-JOB-763,user763,user763@example.com,+918371763
USER-JOB-764,user764,user764@example.com,+918371764
USER-JOB-765,user765,user765@example.com,+918371765
USER-JOB-766,user766,user766@example.com,+918371766
USER-JOB-767,user767,user767@example.com,+918371767
USER-JOB-768,user768,user768@example.com,+918371768
USER-JOB-769,user769,user769@example.com,+918371769
USER-JOB-770,user770,user770@example.com,+918371770
USER-JOB-771,user771,user771@example.com,+918371771
USER-JOB-772,user772,user772@example.com,+918371772
USER-JOB-773,user773,user773@example.com,+918371773
USER-JOB-774,user774,user774@example.com,+918371774
USER-JOB-775,user775,user775@example.com,+918371775
USER-JOB-776,user776,user776@example.com,+918371776
USER-JOB-777,user777,user777@example.com,+918371777
USER-JOB-778,user778,user778@example.com,+918371778
USER-JOB-779,user779,user779@example.com,+918371779
USER-JOB-780,user780,user780@example.com,+918371780
USER-JOB-781,user781,user781@example.com,+918371781
USER-JOB-782,user782,user782@example.com,+918371782
USER-JOB-783,user783,user783@example.com,+918371783
USER-JOB-784,user784,user784@example.com,+918371784
USER-JOB-785,user785,user785@example.com,+918371785
USER-JOB-786,user786,user786@example.com,+918371786
USER-JOB-787,user787,user787@example.com,+918371787
USER-JOB-788,user788,user788@example.com,+918371788
USER-JOB-789,user789,user789@example.com,+918371789
USER-JOB-790,user790,user790@example.com,+918371790
USER-JOB-791,user791,user791@example.com,+918371791
USER-JOB-792,user792,user792@example.com,+918371792
USER-JOB-793,user793,user793@example.com,+918371793
USER-JOB-794,user794,user794@example.com,+918371794
USER-JOB-795,user795,user795@example.com,+918371795
USER-JOB-796,user796,user796@example.com,+918371796
USER-JOB-797,user797,user797@example.com,+918371797
USER-JOB-798,user798,user798@example.com,+918371798
USER-JOB-799,user799,user799@example.com,+918371799
USER-JOB-800,user800,user800@example.com,+918371800
USER-JOB-801,user801,user801@example.com,+918371801
USER-JOB-802,user802,user802@example.com,+918371802
USER-JOB-803,user803,user803@example.com,+918371803
USER-JOB-804,user804,user804@example.com,+918371804
USER-JOB-805,user805,user805@example.com,+918371805
USER-JOB-806,user806,user806@example.com,+918371806
USER-JOB-807,user807,user807@example.com,+918371807
USER-JOB-808,user808,user808@example.com,+918371808
USER-JOB-809,user809,user809@example.com,+918371809
USER-JOB-810,user810,user810@example.com,+918371810
USER-JOB-811,user811,user811@example.com,+918371811
USER-JOB-812,user812,user812@example.com,+918371812
USER-JOB-813,user813,user813@example.com,+918371813
USER-JOB-814,user814,user814@example.com,+918371814
USER-JOB-815,user815,user815@example.com,+918371815
USER-JOB-816,user816,user816@example.com,+918371816
USER-JOB-817,user817,user817@example.com,+918371817
USER-JOB-818,user818,user818@example.com,+918371818
USER-JOB-819,user819,user819@example.com,+918371819
USER-JOB-820,user820,user820@example.com,+918371820
USER-JOB-821,user821,user821@example.com,+918371821
USER-JOB-822,user822,user822@example.com,+918371822
USER-JOB-823,user823,user823@example.com,+918371823
USER-JOB-824,user824,user824@example.com,+918371824
USER-JOB-825,user825,user825@example.com,+918371825
USER-JOB-826,user826,user826@example.com,+918371826
USER-JOB-827,user827,user827@example.com,+918371827
USER-JOB-828,user828,user828@example.com,+918371828
USER-JOB-829,user829,user829@example.com,+918371829
USER-JOB-830,user830,user830@example.com,+918371830
USER-JOB-831,user831,user831@example.com,+918371831
USER-JOB-832,user832,user832@example.com,+918371832
USER-JOB-833,user833,user833@example.com,+918371833
USER-JOB-834,user834,user834@example.com,+918371834
USER-JOB-835,user835,user835@example.com,+918371835
USER-JOB-836,user836,user836@example.com,+918371836
USER-JOB-837,user837,user837@example.com,+918371837
USER-JOB-838,user838,user838@example.com,+918371838
USER-JOB-839,user839,user839@example.com,+918371839
USER-JOB-840,user840,user840@example.com,+918371840
USER-JOB-841,user841,user841@example.com,+918371841
USER-JOB-842,user842,user842@example.com,+918371842
USER-JOB-843,user843,user843@example.com,+918371843
USER-JOB-844,user844,user844@example.com,+918371844
USER-JOB-845,user845,user845@example.com,+918371845
USER-JOB-846,user846,user846@example.com,+918371846
USER-JOB-847,user847,user847@example.com,+918371847
USER-JOB-848,user848,user848@example.com,+918371848
USER-JOB-849,user849,user849@example.com,+918371849
USER-JOB-850,user850,user850@example.com,+918371850
USER-JOB-851,user851,user851@example.com,+918371851
USER-JOB-852,user852,user852@example.com,+918371852
USER-JOB-853,user853,user853@example.com,+918371853
USER-JOB-854,user854,user854@example.com,+918371854
USER-JOB-855,user855,user855@example.com,+918371855
USER-JOB-856,user856,user856@example.com,+918371856
USER-JOB-857,user857,user857@example.com,+918371857
USER-JOB-858,user858,user858@example.com,+918371858
USER-JOB-859,user859,user859@example.com,+918371859
USER-JOB-860,user860,user860@example.com,+918371860
USER-JOB-861,user861,user861@example.com,+918371861
USER-JOB-862,user862,user862@example.com,+918371862
USER-JOB-863,user863,user863@example.com,+918371863
USER-JOB-864,user864,user864@example.com,+918371864
USER-JOB-865,user865,user865@example.com,+918371865
USER-JOB-866,user866,user866@example.com,+918371866
USER-JOB-867,user867,user867@example.com,+918371867
USER-JOB-868,user868,user868@example.com,+918371868
USER-JOB-869,user869,user869@example.com,+918371869
USER-JOB-870,user870,user870@example.com,+918371870
USER-JOB-871,user871,user871@example.com,+918371871
USER-JOB-872,user872,user872@example.com,+918371872
USER-JOB-873,user873,user873@example.com,+918371873
USER-JOB-874,user874,user874@example.com,+918371874
USER-JOB-875,user875,user875@example.com,+918371875
USER-JOB-876,user876,user876@example.com,+918371876
USER-JOB-877,user877,user877@example.com,+918371877
USER-JOB-878,user878,user878@example.com,+918371878
USER-JOB-879,user879,user879@example.com,+918371879
USER-JOB-880,user880,user880@example.com,+918371880
USER-JOB-881,user881,user881@example.com,+918371881
USER-JOB-882,user882,user882@example.com,+918371882
USER-JOB-883,user883,user883@example.com,+918371883
USER-JOB-884,user884,user884@example.com,+918371884
USER-JOB-885,user885,user885@example.com,+918371885
USER-JOB-886,user886,user886@example.com,+918371886
USER-JOB-887,user887,user887@example.com,+918371887
USER-JOB-888,user888,user888@example.com,+918371888
USER-JOB-889,user889,user889@example.com,+918371889
USER-JOB-890,user890,user890@example.com,+918371890
USER-JOB-891,user891,user891@example.com,+918371891
USER-JOB-892,user892,user892@example.com,+918371892
USER-JOB-893,user893,user893@example.com,+918371893
USER-JOB-894,user894,user894@example.com,+918371894
USER-JOB-895,user895,user895@example.com,+918371895
USER-JOB-896,user896,user896@example.com,+918371896
USER-JOB-897,user897,user897@example.com,+918371897
USER-JOB-898,user898,user898@example.com,+918371898
USER-JOB-899,user899,user899@example.com,+918371899
USER-JOB-900,user900,user900@example.com,+918371900
USER-JOB-901,user901,user901@example.com,+918371901
USER-JOB-902,user902,user902@example.com,+918371902
USER-JOB-903,user903,user903@example.com,+918371903
USER-JOB-904,user904,user904@example.com,+918371904
USER-JOB-905,user905,user905@example.com,+918371905
USER-JOB-906,user906,user906@example.com,+918371906
USER-JOB-907,user907,user907@example.com,+918371907
USER-JOB-908,user908,user908@example.com,+918371908
USER-JOB-909,user909,user909@example.com,+918371909
USER-JOB-910,user910,user910@example.com,+918371910
USER-JOB-911,user911,user911@example.com,+918371911
USER-JOB-912,user912,user912@example.com,+918371912
USER-JOB-913,user913,user913@example.com,+918371913
USER-JOB-914,user914,user914@example.com,+918371914
USER-JOB-915,user915,user915@example.com,+918371915
USER-JOB-916,user916,user916@example.com,+918371916
USER-JOB-917,user917,user917@example.com,+918371917
USER-JOB-918,user918,user918@example.com,+918371918
USER-JOB-919,user919,user919@example.com,+918371919
USER-JOB-920,user920,user920@example.com,+918371920
USER-JOB-921,user921,user921@example.com,+918371921
USER-JOB-922,user922,user922@example.com,+918371922
USER-JOB-923,user923,user923@example.com,+918371923
USER-JOB-924,user924,user924@example.com,+918371924
USER-JOB-925,user925,user925@example.com,+918371925
USER-JOB-926,user926,user926@example.com,+918371926
USER-JOB-927,user927,user927@example.com,+918371927
USER-JOB-928,user928,user928@example.com,+918371928
USER-JOB-929,user929,user929@example.com,+918371929
USER-JOB-930,user930,user930@example.com,+918371930
USER-JOB-931,user931,user931@example.com,+918371931
USER-JOB-932,user932,user932@example.com,+918371932
USER-JOB-933,user933,user933@example.com,+918371933
USER-JOB-934,user934,user934@example.com,+918371934
USER-JOB-935,user935,user935@example.com,+918371935
USER-JOB-936,user936,user936@example.com,+918371936
USER-JOB-937,user937,user937@example.com,+918371937
USER-JOB-938,user938,user938@example.com,+918371938
USER-JOB-939,user939,user939@example.com,+918371939
USER-JOB-940,user940,user940@example.com,+918371940
USER-JOB-941,user941,user941@example.com,+918371941
USER-JOB-942,user942,user942@example.com,+918371942
USER-JOB-943,user943,user943@example.com,+918371943
USER-JOB-944,user944,user944@example.com,+918371944
USER-JOB-945,user945,user945@example.com,+918371945
USER-JOB-946,user946,user946@example.com,+918371946
USER-JOB-947,user947,user947@example.com,+918371947
USER-JOB-948,user948,user948@example.com,+918371948
USER-JOB-949,user949,user949@example.com,+918371949
USER-JOB-950,user950,user950@example.com,+918371950
USER-JOB-951,user951,user951@example.com,+918371951
USER-JOB-952,user952,user952@example.com,+918371952
USER-JOB-953,user953,user953@example.com,+918371953
USER-JOB-954,user954,user954@example.com,+918371954
USER-JOB-955,user955,user955@example.com,+918371955
USER-JOB-956,user956,user956@example.com,+918371956
USER-JOB-957,user957,user957@example.com,+918371957
USER-JOB-958,user958,user958@example.com,+918371958
USER-JOB-959,user959,user959@example.com,+918371959
USER-JOB-960,user960,user960@example.com,+918371960
USER-JOB-961,user961,user961@example.com,+918371961
USER-JOB-962,user962,user962@example.com,+918371962
USER-JOB-963,user963,user963@example.com,+918371963
USER-JOB-964,user964,user964@example.com,+918371964
USER-JOB-965,user965,user965@example.com,+918371965
USER-JOB-966,user966,user966@example.com,+918371966
USER-JOB-967,user967,user967@example.com,+918371967
USER-JOB-968,user968,user968@example.com,+918371968
USER-JOB-969,user969,user969@example.com,+918371969
USER-JOB-970,user970,user970@example.com,+918371970
USER-JOB-971,user971,user971@example.com,+918371971
USER-JOB-972,user972,user972@example.com,+918371972
USER-JOB-973,user973,user973@example.com,+918371973
USER-JOB-974,user974,user974@example.com,+918371974
USER-JOB-975,user975,user975@example.com,+918371975
USER-JOB-976,user976,user976@example.com,+918371976
USER-JOB-977,user977,user977@example.com,+918371977
USER-JOB-978,user978,user978@example.com,+918371978
USER-JOB-979,user979,user979@example.com,+918371979
USER-JOB-980,user980,user980@example.com,+918371980
USER-JOB-981,user981,user981@example.com,+918371981
USER-JOB-982,user982,user982@example.com,+918371982
USER-JOB-983,user983,user983@example.com,+918371983
USER-JOB-984,user984,user984@example.com,+918371984
USER-JOB-985,user985,user985@example.com,+918371985
USER-JOB-986,user986,user986@example.com,+918371986
USER-JOB-987,user987,user987@example.com,+918371987
USER-JOB-988,user988,user988@example.com,+918371988
USER-JOB-989,user989,user989@example.com,+918371989
USER-JOB-990,user990,user990@example.com,+918371990
USER-JOB-991,user991,user991@example.com,+918371991
USER-JOB-992,user992,user992@example.com,+918371992
USER-JOB-993,user993,user993@example.com,+918371993
USER-JOB-994,user994,user994@example.com,+918371994
USER-JOB-995,user995,user995@example.com,+918371995
USER-JOB-996,user996,user996@example.com,+918371996
USER-JOB-997,user997,user997@example.com,+918371997
USER-JOB-998,user998,user998@example.com,+918371998
USER-JOB-999,user999,user999@example.com,+918371999